training_size,model_type,seeds,lambda,df,cvm,cvup,cvlo,cvsd
108,lasso,72091,0.24819049993706624,0,0.44036697247706424,0.4898160160240436,0.39091792893008487,0.04944904354697939
108,lasso,72091,0.22614193996433848,1,0.44036697247706424,0.4898160160240436,0.39091792893008487,0.04944904354697939
108,lasso,72091,0.20605211329121015,2,0.41284403669724773,0.47428972333316266,0.3513983500613328,0.06144568663591495
108,lasso,72091,0.18774701144984007,3,0.3394495412844037,0.41354498018026176,0.2653541023885456,0.07409543889585807
108,lasso,72091,0.1710680844050826,3,0.30275229357798167,0.3874989505611144,0.21800563659484895,0.08474665698313273
108,lasso,72091,0.15587086726993218,3,0.27522935779816515,0.353182930615723,0.19727578498060733,0.07795357281755781
108,lasso,72091,0.14202372901978302,4,0.2018348623853211,0.24440536331188273,0.1592643614587595,0.04257050092656161
108,lasso,72091,0.1294067323674649,6,0.21100917431192662,0.2561765992395038,0.16584174938434942,0.045167424927577186
108,lasso,72091,0.1179105949238388,6,0.1834862385321101,0.2220320260265734,0.1449404510376468,0.0385457874944633
108,lasso,72091,0.10743574264602199,7,0.1743119266055046,0.2089791590962484,0.1396446941147608,0.03466723249074379
108,lasso,72091,0.09789144737466379,9,0.1743119266055046,0.2031413861704261,0.1454824670405831,0.028829459564921493
108,lasso,72091,0.08919504099003303,9,0.1651376146788991,0.195123482745638,0.13515174661216017,0.029985868066738915
108,lasso,72091,0.08127119938031253,10,0.1559633027522936,0.1863057133938988,0.1256208921106884,0.03034241064160519
108,lasso,72091,0.074051290020177,10,0.14678899082568808,0.18050260919622801,0.11307537245514813,0.03371361837053995
108,lasso,72091,0.0674727775086919,12,0.1559633027522936,0.1918985382921594,0.12002806721242779,0.0359352355398658
108,lasso,72091,0.06147868191758691,13,0.1559633027522936,0.1918985382921594,0.12002806721242779,0.0359352355398658
108,lasso,72091,0.05601708525837598,14,0.1559633027522936,0.1918985382921594,0.12002806721242779,0.0359352355398658
108,lasso,72091,0.0510406817935782,15,0.1559633027522936,0.1918985382921594,0.12002806721242779,0.0359352355398658
108,lasso,72091,0.046506368297050384,15,0.14678899082568808,0.18314758951314203,0.11043039213823413,0.03635859868745394
108,lasso,72091,0.04237487071446244,16,0.14678899082568808,0.18314758951314203,0.11043039213823413,0.03635859868745394
108,lasso,72091,0.03861040399022713,16,0.14678899082568808,0.18314758951314203,0.11043039213823413,0.03635859868745394
108,lasso,72091,0.03518036211446784,19,0.14678899082568808,0.18314758951314203,0.11043039213823413,0.03635859868745394
108,lasso,72091,0.032055035705359454,19,0.14678899082568808,0.18314758951314203,0.11043039213823413,0.03635859868745394
108,lasso,72091,0.029207354680675736,19,0.14678899082568808,0.18314758951314203,0.11043039213823413,0.03635859868745394
108,lasso,72091,0.02661265378968714,22,0.14678899082568808,0.18314758951314203,0.11043039213823413,0.03635859868745394
108,lasso,72091,0.024248458974558653,22,0.14678899082568808,0.18314758951314203,0.11043039213823413,0.03635859868745394
108,lasso,72091,0.022094292710812233,22,0.14678899082568808,0.18314758951314203,0.11043039213823413,0.03635859868745394
108,lasso,72091,0.02013149664080604,23,0.14678899082568808,0.18314758951314203,0.11043039213823413,0.03635859868745394
108,lasso,72091,0.018343069963966546,23,0.14678899082568808,0.18314758951314203,0.11043039213823413,0.03635859868745394
108,lasso,72091,0.016713522183987004,23,0.14678899082568808,0.18314758951314203,0.11043039213823413,0.03635859868745394
108,lasso,72091,0.01522873893755897,24,0.1559633027522936,0.1918985382921594,0.12002806721242779,0.0359352355398658
108,lasso,72091,0.013875859742509499,26,0.1559633027522936,0.1918985382921594,0.12002806721242779,0.0359352355398658
108,lasso,72091,0.012643166606456918,26,0.1559633027522936,0.1918985382921594,0.12002806721242779,0.0359352355398658
108,lasso,72091,0.011519982531166604,27,0.1651376146788991,0.20754102860853843,0.12273420074925975,0.04240341392963933
108,lasso,72091,0.010496579033500052,26,0.1651376146788991,0.20754102860853843,0.12273420074925975,0.04240341392963933
108,lasso,72091,0.009564091881947966,28,0.1651376146788991,0.20754102860853843,0.12273420074925975,0.04240341392963933
108,lasso,72091,0.008714444318897485,29,0.1651376146788991,0.20754102860853843,0.12273420074925975,0.04240341392963933
108,lasso,72091,0.0079402771036216,29,0.1559633027522936,0.20104877372498403,0.11087783177960316,0.04508547097269043
108,lasso,72091,0.007234884770056571,30,0.1559633027522936,0.20104877372498403,0.11087783177960316,0.04508547097269043
108,lasso,72091,0.0065921575472627225,30,0.1559633027522936,0.20104877372498403,0.11087783177960316,0.04508547097269043
108,lasso,72091,0.006006528439511426,30,0.1559633027522936,0.20104877372498403,0.11087783177960316,0.04508547097269043
108,lasso,72091,0.0054729250076313,29,0.1651376146788991,0.20754102860853843,0.12273420074925975,0.04240341392963933
108,lasso,72091,0.00498672543396672,29,0.1743119266055046,0.21590561564576527,0.13271823756524392,0.04159368904026069
108,lasso,72091,0.004543718490404326,29,0.1743119266055046,0.21590561564576527,0.13271823756524392,0.04159368904026069
108,lasso,72091,0.004140067062729716,31,0.1743119266055046,0.21590561564576527,0.13271823756524392,0.04159368904026069
108,lasso,72091,0.0037722749153797663,30,0.1926605504587156,0.23634776996703152,0.1489733309503997,0.04368721950831591
108,lasso,72091,0.0034371564087227516,30,0.1926605504587156,0.23634776996703152,0.1489733309503997,0.04368721950831591
108,lasso,72091,0.0031318089065718395,30,0.1926605504587156,0.23634776996703152,0.1489733309503997,0.04368721950831591
108,lasso,72091,0.002853587634939034,30,0.1926605504587156,0.23634776996703152,0.1489733309503997,0.04368721950831591
108,lasso,72091,0.0026000827742681306,30,0.1743119266055046,0.20857584441031995,0.14004800880068924,0.03426391780481537
108,lasso,72091,0.0023690985867305574,31,0.1743119266055046,0.20857584441031995,0.14004800880068924,0.03426391780481537
108,lasso,72091,0.002158634397794725,31,0.1651376146788991,0.19764439817657314,0.13263083118122504,0.032506783497674045
108,lasso,72091,0.001966867267340341,30,0.1651376146788991,0.19764439817657314,0.13263083118122504,0.032506783497674045
108,lasso,72091,0.001792136200223166,30,0.1651376146788991,0.19764439817657314,0.13263083118122504,0.032506783497674045
108,lasso,72091,0.0016329277595296802,30,0.1651376146788991,0.19764439817657314,0.13263083118122504,0.032506783497674045
108,lasso,72091,0.0014878629579105542,30,0.1651376146788991,0.19764439817657314,0.13263083118122504,0.032506783497674045
108,lasso,72091,0.0013556853134519247,30,0.1651376146788991,0.19764439817657314,0.13263083118122504,0.032506783497674045
108,lasso,72091,0.0012352499666301467,31,0.1651376146788991,0.19764439817657314,0.13263083118122504,0.032506783497674045
108,lasso,72091,0.0011255137640862906,31,0.1651376146788991,0.19764439817657314,0.13263083118122504,0.032506783497674045
108,lasso,72091,0.001025526223330783,31,0.1651376146788991,0.19764439817657314,0.13263083118122504,0.032506783497674045
108,lasso,72091,9.34421300118785e-4,31,0.1651376146788991,0.19764439817657314,0.13263083118122504,0.032506783497674045
108,lasso,72091,8.514098871892509e-4,31,0.1651376146788991,0.19764439817657314,0.13263083118122504,0.032506783497674045
108,lasso,72091,7.757729793953357e-4,31,0.1651376146788991,0.19764439817657314,0.13263083118122504,0.032506783497674045
108,lasso,72091,7.068554460257786e-4,31,0.1651376146788991,0.19764439817657314,0.13263083118122504,0.032506783497674045
108,lasso,72091,6.44060356376092e-4,31,0.1651376146788991,0.19764439817657314,0.13263083118122504,0.032506783497674045
108,lasso,72091,5.868438094203642e-4,31,0.1651376146788991,0.19764439817657314,0.13263083118122504,0.032506783497674045
108,lasso,72091,5.34710222800772e-4,31,0.1743119266055046,0.20857584441031995,0.14004800880068924,0.03426391780481537
108,lasso,72091,4.872080403302787e-4,31,0.1743119266055046,0.20857584441031995,0.14004800880068924,0.03426391780481537
108,lasso,72091,4.439258208289632e-4,31,0.1743119266055046,0.20857584441031995,0.14004800880068924,0.03426391780481537
108,lasso,72091,4.0448867441734895e-4,31,0.1651376146788991,0.20038006930745147,0.1298951600503467,0.03524245462855238
108,lasso,72091,3.685550153996125e-4,31,0.1651376146788991,0.20038006930745147,0.1298951600503467,0.03524245462855238
108,lasso,72091,3.358136036116975e-4,31,0.1651376146788991,0.20038006930745147,0.1298951600503467,0.03524245462855238
108,lasso,72091,3.059808486079087e-4,31,0.1651376146788991,0.20038006930745147,0.1298951600503467,0.03524245462855238
108,lasso,72091,2.787983533361383e-4,31,0.1651376146788991,0.20038006930745147,0.1298951600503467,0.03524245462855238
108,lasso,72091,2.540306760262158e-4,31,0.1651376146788991,0.20038006930745147,0.1298951600503467,0.03524245462855238
108,lasso,72091,2.314632909059277e-4,31,0.1651376146788991,0.20038006930745147,0.1298951600503467,0.03524245462855238
108,lasso,72091,2.1090073008140636e-4,31,0.1651376146788991,0.20038006930745147,0.1298951600503467,0.03524245462855238
108,lasso,72091,1.921648904877431e-4,31,0.1651376146788991,0.20038006930745147,0.1298951600503467,0.03524245462855238
108,lasso,72091,1.7509349124544317e-4,30,0.1651376146788991,0.20038006930745147,0.1298951600503467,0.03524245462855238
108,lasso,72091,1.5953866806108128e-4,30,0.1651376146788991,0.20038006930745147,0.1298951600503467,0.03524245462855238
108,lasso,72091,1.45365692497529e-4,30,0.1651376146788991,0.20038006930745147,0.1298951600503467,0.03524245462855238
108,lasso,72091,1.3245180502068521e-4,30,0.1651376146788991,0.20038006930745147,0.1298951600503467,0.03524245462855238
108,lasso,72091,1.2068515171511893e-4,30,0.1651376146788991,0.20038006930745147,0.1298951600503467,0.03524245462855238
108,lasso,72091,1.0996381545896373e-4,30,0.1651376146788991,0.20038006930745147,0.1298951600503467,0.03524245462855238
108,lasso,72091,1.0019493316656444e-4,29,0.1651376146788991,0.20038006930745147,0.1298951600503467,0.03524245462855238
108,lasso,72091,9.12938914528541e-5,29,0.1651376146788991,0.20038006930745147,0.1298951600503467,0.03524245462855238
108,lasso,72091,8.318359375269085e-5,29,0.1651376146788991,0.20038006930745147,0.1298951600503467,0.03524245462855238
108,lasso,72091,7.579379254729298e-5,29,0.1651376146788991,0.20038006930745147,0.1298951600503467,0.03524245462855238
108,lasso,72091,6.906048091383711e-5,29,0.1651376146788991,0.20038006930745147,0.1298951600503467,0.03524245462855238
108,lasso,72091,6.292533812811296e-5,29,0.1651376146788991,0.20038006930745147,0.1298951600503467,0.03524245462855238
108,lasso,72091,5.733522451831049e-5,29,0.1651376146788991,0.20038006930745147,0.1298951600503467,0.03524245462855238
108,lasso,72091,5.224172119460416e-5,29,0.1651376146788991,0.20038006930745147,0.1298951600503467,0.03524245462855238
108,lasso,72091,4.76007106678925e-5,29,0.1651376146788991,0.20038006930745147,0.1298951600503467,0.03524245462855238
540,lasso,87577,0.21146450716930273,0,0.4399260628465804,0.4658505171221244,0.41400160857103646,0.025924454275543938
540,lasso,87577,0.19267858317298553,1,0.4399260628465804,0.4658505171221244,0.41400160857103646,0.025924454275543938
540,lasso,87577,0.17556154888832504,1,0.4399260628465804,0.4658505171221244,0.41400160857103646,0.025924454275543938
540,lasso,87577,0.15996514475299045,4,0.43253234750462105,0.463067910495949,0.4019967845132931,0.030535562991327918
540,lasso,87577,0.14575428217554798,5,0.3142329020332717,0.36345967153174863,0.26500613253479477,0.049226769498476916
540,lasso,87577,0.13280587346270703,5,0.17929759704251386,0.1883696107908579,0.1702255832941698,0.009072013748344043
540,lasso,87577,0.12100776569260505,6,0.15711645101663585,0.16674246524140854,0.14749043679186316,0.009626014224772701
540,lasso,87577,0.11025776929985136,6,0.14417744916820702,0.155423270614379,0.13293162772203504,0.011245821446171965
540,lasso,87577,0.10046277295839834,6,0.14417744916820702,0.15758324721181977,0.13077165112459427,0.013405798043612742
540,lasso,87577,0.09153793709577887,7,0.133086876155268,0.1491294005919247,0.11704435171861134,0.016042524436656675
540,lasso,87577,0.08340595905331616,8,0.13123844731977818,0.14591935053485586,0.11655754410470053,0.014680903215077664
540,lasso,87577,0.07599640352747519,8,0.12754158964879853,0.14113957702982677,0.11394360226777028,0.013597987381028236
540,lasso,87577,0.06924509249295918,8,0.12199630314232902,0.13551365720890843,0.10847894907574963,0.013517354066579394
540,lasso,87577,0.06309354932335666,10,0.11829944547134935,0.13127480468616448,0.10532408625653422,0.012975359214815128
540,lasso,87577,0.05748849229457822,11,0.11460258780036968,0.12774590575701103,0.10145926984372834,0.01314331795664134
540,lasso,87577,0.052381373084051955,12,0.11275415896487985,0.1263633982948626,0.0991449196348971,0.013609239329982752
540,lasso,87577,0.04772795626837848,13,0.10720887245841035,0.12197537422045242,0.09244237069636828,0.014766501762042075
540,lasso,87577,0.04348793617725528,13,0.10905730129390019,0.12293712019678382,0.09517748239101656,0.013879818902883626
540,lasso,87577,0.039624587785042416,16,0.10905730129390019,0.12293712019678382,0.09517748239101656,0.013879818902883626
540,lasso,87577,0.0361044486161594,16,0.10720887245841035,0.12090641830361792,0.09351132661320277,0.01369754584520757
540,lasso,87577,0.032897028909129856,17,0.10720887245841035,0.12090641830361792,0.09351132661320277,0.01369754584520757
540,lasso,87577,0.029974547528853687,18,0.10720887245841035,0.12062587879942607,0.09379186611739462,0.013417006341015721
540,lasso,87577,0.027311691339705055,20,0.10905730129390019,0.12343873033084919,0.09467587225695119,0.014381429036949
540,lasso,87577,0.024885395955261198,20,0.10720887245841035,0.1214144660943524,0.0930032788224683,0.014205593635942055
540,lasso,87577,0.02267464596562104,22,0.10536044362292052,0.11852072122699729,0.09220016601884375,0.01316027760407677
540,lasso,87577,0.020660292911978226,22,0.10720887245841035,0.12110191410327543,0.09331583081354526,0.013893041644865083
540,lasso,87577,0.018824889431831388,23,0.10536044362292052,0.11908656152529112,0.09163432572054991,0.013726117902370607
540,lasso,87577,0.017152538138276833,24,0.10351201478743069,0.1164212272926761,0.09060280228218529,0.0129092125052454
540,lasso,87577,0.01562875392444836,24,0.10166358595194085,0.11398172952596805,0.08934544237791364,0.012318143574027208
540,lasso,87577,0.014240338500451137,26,0.09981515711645102,0.11211473826829423,0.08751557596460781,0.012299581151843209
540,lasso,87577,0.012975266076088572,27,0.09796672828096119,0.11082273363670334,0.08511072292521904,0.012856005355742151
540,lasso,87577,0.011822579199220673,27,0.09611829944547134,0.10859606677641219,0.0836405321145305,0.012477767330940848
540,lasso,87577,0.010772293847555563,27,0.09611829944547134,0.10859606677641219,0.0836405321145305,0.012477767330940848
540,lasso,87577,0.009815312951824655,29,0.09796672828096119,0.11082273363670334,0.08511072292521904,0.012856005355742151
540,lasso,87577,0.00894334760132061,30,0.09796672828096119,0.11082273363670334,0.08511072292521904,0.012856005355742151
540,lasso,87577,0.008148845249318137,30,0.09796672828096119,0.11082273363670334,0.08511072292521904,0.012856005355742151
540,lasso,87577,0.0074249242965273255,31,0.09796672828096119,0.10929283247696765,0.08664062408495472,0.011326104196006465
540,lasso,87577,0.006765314485972698,30,0.09426987060998152,0.10430731434286425,0.08423242687709878,0.01003744373288273
540,lasso,87577,0.006164302593026928,30,0.09426987060998152,0.10430731434286425,0.08423242687709878,0.01003744373288273
540,lasso,87577,0.005616682940192273,31,0.09057301293900184,0.10202012979458777,0.07912589608341591,0.011447116855585934
540,lasso,87577,0.005117712308012441,32,0.09057301293900184,0.10202012979458777,0.07912589608341591,0.011447116855585934
540,lasso,87577,0.004663068851574777,33,0.09242144177449169,0.103379377900439,0.08146350564854438,0.010957936125947315
540,lasso,87577,0.0042488146667571634,36,0.09242144177449169,0.103379377900439,0.08146350564854438,0.010957936125947315
540,lasso,87577,0.003871361681986371,37,0.09242144177449169,0.103379377900439,0.08146350564854438,0.010957936125947315
540,lasso,87577,0.0035274405800785977,37,0.09242144177449169,0.10405285485260715,0.08079002869637622,0.011631413078115466
540,lasso,87577,0.0032140724809780353,39,0.09242144177449169,0.10405285485260715,0.08079002869637622,0.011631413078115466
540,lasso,87577,0.002928543140122895,38,0.09242144177449169,0.10405285485260715,0.08079002869637622,0.011631413078115466
540,lasso,87577,0.0026683794389574865,41,0.09611829944547134,0.10859606677641219,0.0836405321145305,0.012477767330940848
540,lasso,87577,0.0024313279639624065,41,0.09426987060998152,0.10632612281228591,0.08221361840767712,0.012056252202304394
540,lasso,87577,0.002215335488664647,41,0.09611829944547134,0.1088972423044015,0.0833393565865412,0.012778942858930147
540,lasso,87577,0.002018531189572134,42,0.09796672828096119,0.11082273363670334,0.08511072292521904,0.012856005355742151
540,lasso,87577,0.0018392104419956228,42,0.09796672828096119,0.11082273363670334,0.08511072292521904,0.012856005355742151
540,lasso,87577,0.0016758200554051188,44,0.09796672828096119,0.11082273363670334,0.08511072292521904,0.012856005355742151
540,lasso,87577,0.00152694482043654,44,0.09796672828096119,0.11082273363670334,0.08511072292521904,0.012856005355742151
540,lasso,87577,0.0013912952510252287,44,0.09981515711645102,0.11329501277656864,0.08633530145633339,0.013479855660117626
540,lasso,87577,0.0012676964154945387,45,0.09981515711645102,0.11329501277656864,0.08633530145633339,0.013479855660117626
540,lasso,87577,0.0011550777598597303,45,0.09796672828096119,0.11086301268354518,0.0850704438783772,0.012896284402583983
540,lasso,87577,0.0010524638352014972,45,0.09981515711645102,0.11275850986022073,0.0868718043726813,0.012943352743769714
540,lasso,87577,9.589658487940742e-4,46,0.09981515711645102,0.11275850986022073,0.0868718043726813,0.012943352743769714
540,lasso,87577,8.737739658078381e-4,46,0.10166358595194085,0.11402376146832441,0.08930341043555728,0.012360175516383569
540,lasso,87577,7.961502949074311e-4,46,0.09981515711645102,0.11215683342869631,0.08747348080420572,0.012341676312245298
540,lasso,87577,7.254224969900144e-4,47,0.09981515711645102,0.11275850986022073,0.0868718043726813,0.012943352743769714
540,lasso,87577,6.609779617056017e-4,47,0.09981515711645102,0.11275850986022073,0.0868718043726813,0.012943352743769714
540,lasso,87577,6.022585013192744e-4,48,0.10166358595194085,0.1146245791565229,0.0887025927473588,0.012960993204582051
540,lasso,87577,5.487555159560541e-4,48,0.10351201478743069,0.11703601017505408,0.0899880193998073,0.013523995387623385
540,lasso,87577,5.000055883520955e-4,48,0.10351201478743069,0.11703601017505408,0.0899880193998073,0.013523995387623385
540,lasso,87577,4.5558646995604214e-4,48,0.10351201478743069,0.11703601017505408,0.0899880193998073,0.013523995387623385
540,lasso,87577,4.151134236140739e-4,48,0.10536044362292052,0.11856007181093493,0.0921608154349061,0.013199628188014413
540,lasso,87577,3.782358911607362e-4,48,0.10536044362292052,0.11856007181093493,0.0921608154349061,0.013199628188014413
540,lasso,87577,3.446344570518146e-4,48,0.10351201478743069,0.1164960056679385,0.09052802390692288,0.0129839908805078
540,lasso,87577,3.140180817396966e-4,48,0.10351201478743069,0.1164960056679385,0.09052802390692288,0.0129839908805078
540,lasso,87577,2.8612158082804096e-4,48,0.10351201478743069,0.1164960056679385,0.09052802390692288,0.0129839908805078
540,lasso,87577,2.607033281713985e-4,48,0.10720887245841035,0.1206593383666576,0.0937584065501631,0.013450465908247248
540,lasso,87577,2.3754316302513235e-4,48,0.10720887245841035,0.1206593383666576,0.0937584065501631,0.013450465908247248
540,lasso,87577,2.1644048311837057e-4,48,0.10720887245841035,0.1206593383666576,0.0937584065501631,0.013450465908247248
540,lasso,87577,1.9721250713310254e-4,48,0.10905730129390019,0.1235058912882327,0.09460871129956769,0.014448589994332501
540,lasso,87577,1.796926915398433e-4,48,0.10905730129390019,0.1235058912882327,0.09460871129956769,0.014448589994332501
540,lasso,87577,1.6372928807725407e-4,48,0.10905730129390019,0.1235058912882327,0.09460871129956769,0.014448589994332501
540,lasso,87577,1.4918402938129773e-4,48,0.10905730129390019,0.1235058912882327,0.09460871129956769,0.014448589994332501
540,lasso,87577,1.3593093137947738e-4,48,0.10905730129390019,0.1235058912882327,0.09460871129956769,0.014448589994332501
540,lasso,87577,1.2385520207707006e-4,48,0.10905730129390019,0.1235058912882327,0.09460871129956769,0.014448589994332501
540,lasso,87577,1.1285224728378402e-4,48,0.10720887245841035,0.12174647354166167,0.09267127137515903,0.014537601083251321
540,lasso,87577,1.0282676466891938e-4,48,0.10720887245841035,0.12174647354166167,0.09267127137515903,0.014537601083251321
540,lasso,87577,9.36919182981714e-5,48,0.10720887245841035,0.12174647354166167,0.09267127137515903,0.014537601083251321
540,lasso,87577,8.53685865023091e-5,48,0.11090573012939002,0.12497042682389589,0.09684103343488415,0.014064696694505876
540,lasso,87577,7.77846765631275e-5,48,0.11090573012939002,0.12497042682389589,0.09684103343488415,0.014064696694505876
540,lasso,87577,7.087450028081116e-5,48,0.11090573012939002,0.12497042682389589,0.09684103343488415,0.014064696694505876
540,lasso,87577,6.457820501417192e-5,48,0.11090573012939002,0.12497042682389589,0.09684103343488415,0.014064696694505876
540,lasso,87577,5.884125526570399e-5,48,0.11090573012939002,0.12497042682389589,0.09684103343488415,0.014064696694505876
540,lasso,87577,5.361396032119389e-5,48,0.11090573012939002,0.12497042682389589,0.09684103343488415,0.014064696694505876
540,lasso,87577,4.885104385252551e-5,48,0.11090573012939002,0.12497042682389589,0.09684103343488415,0.014064696694505876
540,lasso,87577,4.451125175578577e-5,48,0.11090573012939002,0.12497042682389589,0.09684103343488415,0.014064696694505876
540,lasso,87577,4.055699482795217e-5,48,0.11090573012939002,0.12497042682389589,0.09684103343488415,0.014064696694505876
540,lasso,87577,3.695402318719854e-5,48,0.11090573012939002,0.12497042682389589,0.09684103343488415,0.014064696694505876
540,lasso,87577,3.367112961680352e-5,48,0.11090573012939002,0.12497042682389589,0.09684103343488415,0.014064696694505876
1347,lasso,76097,0.18779233033353118,0,0.4391691394658754,0.44705405053677816,0.4312842283949726,0.007884911070902799
1347,lasso,76097,0.17110937728405062,1,0.4391691394658754,0.44705405053677816,0.4312842283949726,0.007884911070902799
1347,lasso,76097,0.15590849180334065,1,0.4391691394658754,0.44705405053677816,0.4312842283949726,0.007884911070902799
1347,lasso,76097,0.14205801109334104,2,0.4391691394658754,0.44705405053677816,0.4312842283949726,0.007884911070902799
1347,lasso,76097,0.12943796891609338,5,0.37537091988130566,0.41103284290007197,0.33970899686253936,0.03566192301876629
1347,lasso,76097,0.11793905650357868,7,0.18100890207715134,0.18918913157263234,0.17282867258167034,0.008180229495480989
1347,lasso,76097,0.10746167577746117,8,0.17136498516320475,0.18161206627116117,0.16111790405524834,0.010247081107956404
1347,lasso,76097,0.09791507667818063,10,0.163946587537092,0.17521887671228217,0.1526742983619018,0.011272289175190197
1347,lasso,76097,0.08921657113135052,10,0.15356083086053413,0.16149235056886377,0.14562931115220448,0.007931519708329653
1347,lasso,76097,0.08129081684321493,13,0.15207715133531158,0.15867213291287427,0.14548216975774889,0.006594981577562697
1347,lasso,76097,0.07406916472174314,15,0.14985163204747776,0.15524127715829925,0.14446198693665627,0.0053896451108215015
1347,lasso,76097,0.06748906427103565,15,0.1446587537091988,0.15052208619704183,0.1387954212213558,0.0058633324878430175
1347,lasso,76097,0.06149352180885224,15,0.1387240356083086,0.14571532227360257,0.13173274894301462,0.006991286665293978
1347,lasso,76097,0.05603060681460175,15,0.13724035608308605,0.144746275362285,0.1297344368038871,0.007505919279198954
1347,lasso,76097,0.05105300213201584,17,0.13427299703264095,0.14217884277586412,0.12636715128941778,0.00790584574322318
1347,lasso,76097,0.0465175941305775,17,0.13204747774480713,0.13918782744155764,0.12490712804805662,0.007140349696750505
1347,lasso,76097,0.042385099275878704,19,0.13056379821958458,0.13782729050318976,0.12330030593597942,0.007263492283605169
1347,lasso,76097,0.038619723874438266,19,0.12685459940652818,0.13388425931255227,0.1198249395005041,0.00702965990602409
1347,lasso,76097,0.035188854045852334,19,0.12685459940652818,0.13344638915391507,0.12026280965914131,0.00659178974738688
1347,lasso,76097,0.0320627732369645,20,0.12462908011869436,0.13144182471828297,0.11781633551910575,0.006812744599588605
1347,lasso,76097,0.02921440483129852,20,0.12166172106824925,0.12919772320500023,0.11412571893149828,0.007536002136750969
1347,lasso,76097,0.026619077624359624,21,0.1201780415430267,0.12800405454498834,0.11235202854106506,0.007826013001961644
1347,lasso,76097,0.024254312133463664,22,0.1172106824925816,0.12445669138075532,0.10996467360440787,0.007246008888173724
1347,lasso,76097,0.022099625891212105,23,0.11498516320474778,0.12118883901616637,0.10878148739332918,0.006203675811418596
1347,lasso,76097,0.020136356036158046,24,0.11498516320474778,0.12067549856522093,0.10929482784427462,0.005690335360473154
1347,lasso,76097,0.018347497664028534,26,0.1142433234421365,0.12034507673878253,0.10814157014549047,0.0061017532966460295
1347,lasso,76097,0.01671755653937874,27,0.11350148367952523,0.11917523834988528,0.10782772900916518,0.005673754670360048
1347,lasso,76097,0.015232414891936854,27,0.11275964391691394,0.11850445334618523,0.10701483448764265,0.005744809429271287
1347,lasso,76097,0.013879209135231807,27,0.11127596439169139,0.11682001366674998,0.10573191511663281,0.005544049275058586
1347,lasso,76097,0.012646218448361089,28,0.11127596439169139,0.11646379625958879,0.106088132523794,0.005187831867897396
1347,lasso,76097,0.011522763255847236,29,0.10905044510385757,0.1144816182365978,0.10361927197111734,0.005431173132740235
1347,lasso,76097,0.010499112726264056,31,0.10756676557863501,0.11345568008950317,0.10167785106776685,0.005888914510868163
1347,lasso,76097,0.009566400488429966,31,0.1083086053412463,0.11396861535280121,0.10264859532969138,0.005660010011554915
1347,lasso,76097,0.00871654783514241,32,0.10756676557863501,0.11242219383220246,0.10271133732506756,0.004855428253567451
1347,lasso,76097,0.00794219374928086,33,0.10756676557863501,0.11242219383220246,0.10271133732506756,0.004855428253567451
1347,lasso,76097,0.0072366311461979594,34,0.10756676557863501,0.11266749634480495,0.10246603481246506,0.005100730766169949
1347,lasso,76097,0.0065937487801609245,34,0.10682492581602374,0.11192223664694244,0.10172761498510503,0.005097310830918705
1347,lasso,76097,0.006007978311664573,34,0.10534124629080119,0.10988672741172566,0.10079576516987672,0.004545481120924466
1347,lasso,76097,0.005474246077138377,37,0.10682492581602374,0.11086564435345925,0.10278420727858822,0.004040718537435517
1347,lasso,76097,0.004987929143299808,38,0.10682492581602374,0.11055120217122921,0.10309864946081826,0.0037262763552054767
1347,lasso,76097,0.0045448152655178245,40,0.10905044510385757,0.11335247054455956,0.10474841966315558,0.004302025440701989
1347,lasso,76097,0.0041410664033649704,42,0.10905044510385757,0.11375903609560495,0.1043418541121102,0.004708590991747378
1347,lasso,76097,0.003773185477347283,43,0.1083086053412463,0.1140853484226052,0.10253186225988739,0.005776743081358907
1347,lasso,76097,0.003437986078874688,43,0.10534124629080119,0.11167328911072802,0.09900920347087436,0.006332042819926829
1347,lasso,76097,0.003132564871114145,43,0.10459940652818991,0.11127604843282016,0.09792276462355967,0.006676641904630238
1347,lasso,76097,0.0028542764416749264,43,0.10459940652818991,0.11127604843282016,0.09792276462355967,0.006676641904630238
1347,lasso,76097,0.0026007103893120375,43,0.10534124629080119,0.11138576107470702,0.09929673150689536,0.006044514783905835
1347,lasso,76097,0.002369670446183743,44,0.10534124629080119,0.11197618774364608,0.0987063048379563,0.00663494145284489
1347,lasso,76097,0.0021591554548302007,45,0.10608308605341246,0.11309639167975707,0.09906978042706785,0.007013305626344608
1347,lasso,76097,0.0019673420351048786,46,0.10385756676557864,0.1106058185830843,0.09710931494807298,0.006748251817505658
1347,lasso,76097,0.0017925687909280167,46,0.10534124629080119,0.11188351750735692,0.09879897507424545,0.006542271216555735
1347,lasso,76097,0.001633321920068582,46,0.10385756676557864,0.11023364400363381,0.09748148952752347,0.006376077238055166
1347,lasso,76097,0.001488222102313532,47,0.10385756676557864,0.11023364400363381,0.09748148952752347,0.006376077238055166
1347,lasso,76097,0.0013560125524559854,47,0.10311572700296735,0.10913113453997854,0.09710031946595617,0.006015407537011184
1347,lasso,76097,0.0012355481346229952,47,0.10237388724035608,0.10832506215655466,0.0964227123241575,0.005951174916198584
1347,lasso,76097,0.00112578544365644,48,0.10014836795252226,0.10654561170233548,0.09375112420270904,0.006397243749813228
1347,lasso,76097,0.0010257737676367007,48,0.09866468842729971,0.10492989057965098,0.09239948627494844,0.006265202152351264
1347,lasso,76097,9.346468532708257e-4,48,0.09866468842729971,0.10530827929795468,0.09202109755664474,0.006643590870654976
1347,lasso,76097,8.516154028209148e-4,48,0.09866468842729971,0.10530827929795468,0.09202109755664474,0.006643590870654976
1347,lasso,76097,7.759602375847072e-4,48,0.09792284866468842,0.10445238818844675,0.09139330914093009,0.006529539523758333
1347,lasso,76097,7.070260687137117e-4,48,0.09792284866468842,0.10445238818844675,0.09139330914093009,0.006529539523758333
1347,lasso,76097,6.442158214146848e-4,48,0.09792284866468842,0.10445238818844675,0.09139330914093009,0.006529539523758333
1347,lasso,76097,5.86985463373408e-4,48,0.09792284866468842,0.10445238818844675,0.09139330914093009,0.006529539523758333
1347,lasso,76097,5.348392926070421e-4,48,0.09866468842729971,0.10575291646505211,0.09157646038954731,0.0070882280377523935
1347,lasso,76097,4.8732564393069104e-4,48,0.09866468842729971,0.10575291646505211,0.09157646038954731,0.0070882280377523935
1347,lasso,76097,4.44032976849644e-4,48,0.09866468842729971,0.10575291646505211,0.09157646038954731,0.0070882280377523935
1347,lasso,76097,4.045863109924869e-4,48,0.09940652818991098,0.10708441251641725,0.09172864386340472,0.007677884326506264
1347,lasso,76097,3.686439782105128e-4,48,0.09866468842729971,0.10648985266969944,0.09083952418489998,0.007825164242399733
1347,lasso,76097,3.358946632116692e-4,48,0.09866468842729971,0.10648985266969944,0.09083952418489998,0.007825164242399733
1347,lasso,76097,3.0605470709642855e-4,48,0.09792284866468842,0.10596121440674237,0.08988448292263447,0.008038365742053957
1347,lasso,76097,2.7886565044010065e-4,48,0.09792284866468842,0.1052457650985742,0.09059993223080265,0.007322916433885779
1347,lasso,76097,2.540919946409407e-4,49,0.09792284866468842,0.1052457650985742,0.09059993223080265,0.007322916433885779
1347,lasso,76097,2.3151916214392165e-4,49,0.09792284866468842,0.1052457650985742,0.09059993223080265,0.007322916433885779
1347,lasso,76097,2.109516378726045e-4,49,0.09718100890207715,0.10447631784183568,0.08988569996231861,0.007295308939758541
1347,lasso,76097,1.9221127577107895e-4,49,0.09718100890207715,0.10447631784183568,0.08988569996231861,0.007295308939758541
1347,lasso,76097,1.7513575578805067e-4,49,0.09718100890207715,0.10447631784183568,0.08988569996231861,0.007295308939758541
1347,lasso,76097,1.595771779382095e-4,49,0.09718100890207715,0.10447631784183568,0.08988569996231861,0.007295308939758541
1347,lasso,76097,1.454007812633108e-4,49,0.09718100890207715,0.10447631784183568,0.08988569996231861,0.007295308939758541
1347,lasso,76097,1.3248377659722367e-4,49,0.09718100890207715,0.10447631784183568,0.08988569996231861,0.007295308939758541
1347,lasso,76097,1.2071428302491508e-4,49,0.09718100890207715,0.10447631784183568,0.08988569996231861,0.007295308939758541
1347,lasso,76097,1.0999035882348684e-4,49,0.09718100890207715,0.10447631784183568,0.08988569996231861,0.007295308939758541
1347,lasso,76097,1.002191184917399e-4,49,0.09718100890207715,0.10447631784183568,0.08988569996231861,0.007295308939758541
1347,lasso,76097,9.131592822039852e-5,49,0.09718100890207715,0.10447631784183568,0.08988569996231861,0.007295308939758541
1347,lasso,76097,8.32036728345425e-5,49,0.09643916913946587,0.1037819751867847,0.08909636309214705,0.007342806047318819
1347,lasso,76097,7.581208785885321e-5,49,0.09643916913946587,0.1037819751867847,0.08909636309214705,0.007342806047318819
1347,lasso,76097,6.907715092034231e-5,49,0.09643916913946587,0.1037819751867847,0.08909636309214705,0.007342806047318819
1347,lasso,76097,6.29405272171847e-5,49,0.09643916913946587,0.1037819751867847,0.08909636309214705,0.007342806047318819
1347,lasso,76097,5.7349064250571974e-5,49,0.09643916913946587,0.1037819751867847,0.08909636309214705,0.007342806047318819
108,ridge,887,209.79485817882258,45,0.44036697247706424,0.47885647502425605,0.40187746992987244,0.038489502547191794
108,ridge,887,191.15726119707404,45,0.44036697247706424,0.47885647502425605,0.40187746992987244,0.038489502547191794
108,ridge,887,174.17537696381444,45,0.44036697247706424,0.47885647502425605,0.40187746992987244,0.038489502547191794
108,ridge,887,158.70211652180348,45,0.44036697247706424,0.47885647502425605,0.40187746992987244,0.038489502547191794
108,ridge,887,144.60345789136798,45,0.44036697247706424,0.47885647502425605,0.40187746992987244,0.038489502547191794
108,ridge,887,131.75728523612895,45,0.44036697247706424,0.47885647502425605,0.40187746992987244,0.038489502547191794
108,ridge,887,120.05233115404592,45,0.44036697247706424,0.47885647502425605,0.40187746992987244,0.038489502547191794
108,ridge,887,109.3872129324099,45,0.44036697247706424,0.47885647502425605,0.40187746992987244,0.038489502547191794
108,ridge,887,99.66955441928648,45,0.44036697247706424,0.47885647502425605,0.40187746992987244,0.038489502547191794
108,ridge,887,90.81518590547981,45,0.44036697247706424,0.47885647502425605,0.40187746992987244,0.038489502547191794
108,ridge,887,82.74741508677751,45,0.44036697247706424,0.47885647502425605,0.40187746992987244,0.038489502547191794
108,ridge,887,75.39636279190061,45,0.44036697247706424,0.47885647502425605,0.40187746992987244,0.038489502547191794
108,ridge,887,68.69835772255149,45,0.44036697247706424,0.47885647502425605,0.40187746992987244,0.038489502547191794
108,ridge,887,62.595384963087824,45,0.44036697247706424,0.47885647502425605,0.40187746992987244,0.038489502547191794
108,ridge,887,57.03458348307716,45,0.44036697247706424,0.47885647502425605,0.40187746992987244,0.038489502547191794
108,ridge,887,51.96778828033954,45,0.44036697247706424,0.47885647502425605,0.40187746992987244,0.038489502547191794
108,ridge,887,47.3511131987404,45,0.44036697247706424,0.47885647502425605,0.40187746992987244,0.038489502547191794
108,ridge,887,43.14457080730082,45,0.44036697247706424,0.47885647502425605,0.40187746992987244,0.038489502547191794
108,ridge,887,39.3117260482001,45,0.44036697247706424,0.47885647502425605,0.40187746992987244,0.038489502547191794
108,ridge,887,35.819380653735074,45,0.44036697247706424,0.47885647502425605,0.40187746992987244,0.038489502547191794
108,ridge,887,32.63728559880708,45,0.44036697247706424,0.47885647502425605,0.40187746992987244,0.038489502547191794
108,ridge,887,29.737879098337427,45,0.44036697247706424,0.47885647502425605,0.40187746992987244,0.038489502547191794
108,ridge,887,27.09604788027033,45,0.44036697247706424,0.47885647502425605,0.40187746992987244,0.038489502547191794
108,ridge,887,24.688909666424372,45,0.44036697247706424,0.47885647502425605,0.40187746992987244,0.038489502547191794
108,ridge,887,22.495614977145575,45,0.44036697247706424,0.47885647502425605,0.40187746992987244,0.038489502547191794
108,ridge,887,20.49716654308884,45,0.44036697247706424,0.47885647502425605,0.40187746992987244,0.038489502547191794
108,ridge,887,18.676254759959026,45,0.44036697247706424,0.47885647502425605,0.40187746992987244,0.038489502547191794
108,ridge,887,17.01710776099929,45,0.43119266055045874,0.4693036905360444,0.39308163056487305,0.0381110299855857
108,ridge,887,15.505354808626397,45,0.43119266055045874,0.4693036905360444,0.39308163056487305,0.0381110299855857
108,ridge,887,14.127901821976582,45,0.43119266055045874,0.4693036905360444,0.39308163056487305,0.0381110299855857
108,ridge,887,12.872817962241225,45,0.43119266055045874,0.4693036905360444,0.39308163056487305,0.0381110299855857
108,ridge,887,11.72923229344869,45,0.43119266055045874,0.4693036905360444,0.39308163056487305,0.0381110299855857
108,ridge,887,10.68723962361751,45,0.43119266055045874,0.4693036905360444,0.39308163056487305,0.0381110299855857
108,ridge,887,9.737814710721993,45,0.43119266055045874,0.4693036905360444,0.39308163056487305,0.0381110299855857
108,ridge,887,8.872734090363407,45,0.43119266055045874,0.4693036905360444,0.39308163056487305,0.0381110299855857
108,ridge,887,8.08450484805538,45,0.43119266055045874,0.4693036905360444,0.39308163056487305,0.0381110299855857
108,ridge,887,7.366299719183174,45,0.41284403669724773,0.4582442655899588,0.36744380780453667,0.04540022889271103
108,ridge,887,6.711897954503695,45,0.4036697247706422,0.44696107246284134,0.3603783770784431,0.043291347692199104
108,ridge,887,6.115631438991501,45,0.3944954128440367,0.4389274641606971,0.3500633615273763,0.044432051316660386
108,ridge,887,5.572335597338032,45,0.3761467889908257,0.41496182715836,0.3373317508232914,0.038815038167534274
108,ridge,887,5.077304660870973,45,0.3394495412844037,0.37243920234280203,0.30645988022600534,0.03298966105839834
108,ridge,887,4.626250908437215,45,0.3302752293577982,0.3637763488794383,0.29677410983615804,0.03350111952164014
108,ridge,887,4.215267528213439,45,0.3119266055045872,0.34560490051134996,0.2782483104978244,0.03367829500676278
108,ridge,887,3.840794778771083,45,0.30275229357798167,0.3331954076201708,0.27230917953579253,0.030443114042189155
108,ridge,887,3.4995891562990407,45,0.29357798165137616,0.3255932778674065,0.26156268543534583,0.03201529621603034
108,ridge,887,3.1886953009253136,45,0.26605504587155965,0.2906515776794847,0.24145851406363464,0.024596531807925013
108,ridge,887,2.905420398803618,45,0.25688073394495414,0.27900232183168905,0.2347591460582192,0.022121587886734923
108,ridge,887,2.6473108582480687,45,0.25688073394495414,0.27900232183168905,0.2347591460582192,0.022121587886734923
108,ridge,887,2.4121310578957713,45,0.25688073394495414,0.2800259183112703,0.23373554957863796,0.02314518436631618
108,ridge,887,2.197843982824082,45,0.23853211009174313,0.2668932985673159,0.21017092161617035,0.028361188475572775
108,ridge,887,2.0025935809018343,45,0.23853211009174313,0.2668932985673159,0.21017092161617035,0.028361188475572775
108,ridge,887,1.8246886865537022,45,0.23853211009174313,0.259357040871583,0.21770717931190323,0.020824930779839903
108,ridge,887,1.6625883726930233,45,0.21100917431192662,0.2355797686120488,0.18643858001180444,0.02457059430012217
108,ridge,887,1.5148886039485414,45,0.21100917431192662,0.2355797686120488,0.18643858001180444,0.02457059430012217
108,ridge,887,1.3803100755816988,45,0.21100917431192662,0.2355797686120488,0.18643858001180444,0.02457059430012217
108,ridge,887,1.257687132761,45,0.1926605504587156,0.21883938844197437,0.16648171247545684,0.026178837983258752
108,ridge,887,1.1459576742175,45,0.1834862385321101,0.2116065888635849,0.1553658882006353,0.028120350331474822
108,ridge,887,1.0441539528317132,45,0.1743119266055046,0.20393409140697838,0.14468976180403081,0.029622164801473796
108,ridge,887,0.9513941934710264,45,0.1559633027522936,0.18750371710429858,0.12442288840028858,0.03154041435200501
108,ridge,887,0.8668749554753334,45,0.1559633027522936,0.18750371710429858,0.12442288840028858,0.03154041435200501
108,ridge,887,0.7898641736383969,45,0.1559633027522936,0.1844142799343737,0.12751232557021347,0.028450977182080128
108,ridge,887,0.7196948174092451,45,0.1559633027522936,0.1844142799343737,0.12751232557021347,0.028450977182080128
108,ridge,887,0.6557591133926416,45,0.1559633027522936,0.1844142799343737,0.12751232557021347,0.028450977182080128
108,ridge,887,0.5975032811066889,45,0.14678899082568808,0.17577285957754618,0.11780512207382997,0.028983868751858113
108,ridge,887,0.5444227364012186,45,0.14678899082568808,0.17577285957754618,0.11780512207382997,0.028983868751858113
108,ridge,887,0.4960577209912709,45,0.14678899082568808,0.17577285957754618,0.11780512207382997,0.028983868751858113
108,ridge,887,0.45198932025077476,45,0.14678899082568808,0.17577285957754618,0.11780512207382997,0.028983868751858113
108,ridge,887,0.41183583477446245,45,0.14678899082568808,0.17577285957754618,0.11780512207382997,0.028983868751858113
108,ridge,887,0.37524947428022243,45,0.14678899082568808,0.17577285957754618,0.11780512207382997,0.028983868751858113
108,ridge,887,0.3419133452160559,45,0.14678899082568808,0.17577285957754618,0.11780512207382997,0.028983868751858113
108,ridge,887,0.3115387059797282,45,0.14678899082568808,0.17577285957754618,0.11780512207382997,0.028983868751858113
108,ridge,887,0.2838624659771422,45,0.14678899082568808,0.17577285957754618,0.11780512207382997,0.028983868751858113
108,ridge,887,0.2586449068574722,45,0.14678899082568808,0.17577285957754618,0.11780512207382997,0.028983868751858113
108,ridge,887,0.2356676061874884,45,0.14678899082568808,0.17577285957754618,0.11780512207382997,0.028983868751858113
108,ridge,887,0.21473154558093166,45,0.14678899082568808,0.17577285957754618,0.11780512207382997,0.028983868751858113
108,ridge,887,0.1956553868964605,45,0.13761467889908258,0.16982192696632953,0.10540743083183564,0.03220724806724694
108,ridge,887,0.17827390157342132,45,0.14678899082568808,0.1850113981893801,0.10856658346199607,0.03822240736369201
108,ridge,887,0.16243653950110004,45,0.14678899082568808,0.1850113981893801,0.10856658346199607,0.03822240736369201
108,ridge,887,0.14800612502568486,45,0.14678899082568808,0.1850113981893801,0.10856658346199607,0.03822240736369201
108,ridge,887,0.1348576688003767,45,0.14678899082568808,0.1850113981893801,0.10856658346199607,0.03822240736369201
108,ridge,887,0.12287728518746105,45,0.14678899082568808,0.1850113981893801,0.10856658346199607,0.03822240736369201
108,ridge,887,0.111961205835396,45,0.14678899082568808,0.1850113981893801,0.10856658346199607,0.03822240736369201
108,ridge,887,0.10201488088699301,45,0.14678899082568808,0.1850113981893801,0.10856658346199607,0.03822240736369201
108,ridge,887,0.0929521600337859,45,0.14678899082568808,0.1850113981893801,0.10856658346199607,0.03822240736369201
108,ridge,887,0.08469454632327239,45,0.14678899082568808,0.1850113981893801,0.10856658346199607,0.03822240736369201
108,ridge,887,0.07717051625586385,45,0.1559633027522936,0.19124794876986623,0.12067865673472095,0.03528464601757264
108,ridge,887,0.07031490028254807,45,0.1559633027522936,0.19124794876986623,0.12067865673472095,0.03528464601757264
108,ridge,887,0.06406831833743229,45,0.1559633027522936,0.19124794876986623,0.12067865673472095,0.03528464601757264
108,ridge,887,0.058376665516019347,45,0.1651376146788991,0.19971644779289158,0.1305587815649066,0.03457883311399249
108,ridge,887,0.05319064344440823,45,0.1743119266055046,0.20789289077592285,0.14073096243508634,0.033580964170418254
108,ridge,887,0.04846533328036328,45,0.1743119266055046,0.20789289077592285,0.14073096243508634,0.033580964170418254
108,ridge,887,0.04415980664779155,45,0.1743119266055046,0.20789289077592285,0.14073096243508634,0.033580964170418254
108,ridge,887,0.04023677113472886,45,0.1743119266055046,0.20789289077592285,0.14073096243508634,0.033580964170418254
108,ridge,887,0.036662247284307704,45,0.1743119266055046,0.20789289077592285,0.14073096243508634,0.033580964170418254
108,ridge,887,0.033405274280957416,45,0.1743119266055046,0.20789289077592285,0.14073096243508634,0.033580964170418254
108,ridge,887,0.030437641782631027,45,0.1834862385321101,0.22105806147984525,0.14591441558437496,0.03757182294773513
108,ridge,887,0.02773364557631806,45,0.1834862385321101,0.22105806147984525,0.14591441558437496,0.03757182294773513
108,ridge,887,0.02526986494044811,45,0.1926605504587156,0.23128125694999707,0.15403984396743414,0.03862070649128146
540,ridge,457,181.07387282099216,46,0.4399260628465804,0.459079158747158,0.42077296694600286,0.019153095900577545
540,ridge,457,164.98776902008086,46,0.4399260628465804,0.459079158747158,0.42077296694600286,0.019153095900577545
540,ridge,457,150.3307103456826,46,0.4399260628465804,0.459079158747158,0.42077296694600286,0.019153095900577545
540,ridge,457,136.97574436737145,46,0.4399260628465804,0.459079158747158,0.42077296694600286,0.019153095900577545
540,ridge,457,124.80719675874487,46,0.4399260628465804,0.459079158747158,0.42077296694600286,0.019153095900577545
540,ridge,457,113.71966938174613,46,0.4399260628465804,0.459079158747158,0.42077296694600286,0.019153095900577545
540,ridge,457,103.61712737841403,46,0.4399260628465804,0.459079158747158,0.42077296694600286,0.019153095900577545
540,ridge,457,94.41206736288544,46,0.4399260628465804,0.459079158747158,0.42077296694600286,0.019153095900577545
540,ridge,457,86.02475950892793,46,0.4399260628465804,0.459079158747158,0.42077296694600286,0.019153095900577545
540,ridge,457,78.38255696832691,46,0.4399260628465804,0.459079158747158,0.42077296694600286,0.019153095900577545
540,ridge,457,71.4192666386401,46,0.4399260628465804,0.459079158747158,0.42077296694600286,0.019153095900577545
540,ridge,457,65.07457583021032,46,0.4399260628465804,0.459079158747158,0.42077296694600286,0.019153095900577545
540,ridge,457,59.29352986650084,46,0.4399260628465804,0.459079158747158,0.42077296694600286,0.019153095900577545
540,ridge,457,54.02605609297698,46,0.4399260628465804,0.459079158747158,0.42077296694600286,0.019153095900577545
540,ridge,457,49.22653017172693,46,0.4399260628465804,0.459079158747158,0.42077296694600286,0.019153095900577545
540,ridge,457,44.853380905273,46,0.4399260628465804,0.459079158747158,0.42077296694600286,0.019153095900577545
540,ridge,457,40.8687301667464,46,0.4399260628465804,0.459079158747158,0.42077296694600286,0.019153095900577545
540,ridge,457,37.23806481767289,46,0.4399260628465804,0.459079158747158,0.42077296694600286,0.019153095900577545
540,ridge,457,33.92993777167807,46,0.4399260628465804,0.459079158747158,0.42077296694600286,0.019153095900577545
540,ridge,457,30.915695614869232,46,0.43807763401109057,0.4574687537748171,0.41868651424736403,0.019391119763726563
540,ridge,457,28.169230423671795,46,0.43807763401109057,0.4574687537748171,0.41868651424736403,0.019391119763726563
540,ridge,457,25.666753630485083,46,0.43807763401109057,0.4574687537748171,0.41868651424736403,0.019391119763726563
540,ridge,457,23.38658997849003,46,0.43807763401109057,0.4574687537748171,0.41868651424736403,0.019391119763726563
540,ridge,457,21.308989780943854,46,0.43807763401109057,0.4574687537748171,0.41868651424736403,0.019391119763726563
540,ridge,457,19.415957858841598,46,0.43807763401109057,0.4574687537748171,0.41868651424736403,0.019391119763726563
540,ridge,457,17.691097675284304,46,0.43807763401109057,0.4574687537748171,0.41868651424736403,0.019391119763726563
540,ridge,457,16.11946931652037,46,0.43807763401109057,0.4574687537748171,0.41868651424736403,0.019391119763726563
540,ridge,457,14.687460089559762,46,0.43807763401109057,0.4574687537748171,0.41868651424736403,0.019391119763726563
540,ridge,457,13.382666615539524,46,0.43622920517560076,0.4559153052872096,0.41654310506399195,0.019686100111608817
540,ridge,457,12.19378739758974,46,0.43253234750462105,0.45296047783017673,0.41210421717906537,0.020428130325555672
540,ridge,457,11.110524932674187,46,0.43253234750462105,0.45296047783017673,0.41210421717906537,0.020428130325555672
540,ridge,457,10.123496519545272,46,0.43253234750462105,0.45296047783017673,0.41210421717906537,0.020428130325555672
540,ridge,457,9.224152990274433,46,0.43253234750462105,0.45296047783017673,0.41210421717906537,0.020428130325555672
540,ridge,457,8.404704661449385,46,0.43253234750462105,0.45296047783017673,0.41210421717906537,0.020428130325555672
540,ridge,457,7.658053863662921,46,0.4232902033271719,0.4469011514488239,0.39967925520551983,0.02361094812165204
540,ridge,457,6.977733464895978,46,0.41035120147874304,0.43558653447227336,0.38511586848521273,0.025235332993530316
540,ridge,457,6.357850855313902,46,0.3900184842883549,0.415687275428706,0.3643496931480038,0.02566879114035108
540,ridge,457,5.793036908299036,46,0.36968576709796674,0.39581453036388015,0.34355700383205334,0.026128763265913374
540,ridge,457,5.278399475644502,46,0.36414048059149723,0.3915396709526546,0.3367412902303399,0.027399190361157337
540,ridge,457,4.809481014106797,46,0.3364140480591497,0.3606024029110059,0.3122256932072935,0.024188354851856202
540,ridge,457,4.382219976298668,46,0.3234750462107209,0.3449191371641044,0.30203095525733736,0.021444090953383482
540,ridge,457,3.992915631508648,46,0.27911275415896486,0.30666202764085254,0.2515634806770772,0.0275492734818877
540,ridge,457,3.638196011742039,46,0.26062846580406657,0.2848266345396563,0.23643029706847682,0.024198168735589737
540,ridge,457,3.314988705347257,46,0.24584103512014788,0.2676931861023264,0.22398888413796933,0.02185215098217854
540,ridge,457,3.0204942452559242,46,0.23475046210720887,0.256256746456761,0.21324417775765675,0.021506284349552134
540,ridge,457,2.7521618613383625,46,0.21811460258780038,0.238099356361717,0.19812984881388376,0.019984753773916616
540,ridge,457,2.5076673868529973,46,0.21072088724584104,0.2334339056531701,0.18800786883851198,0.022713018407329064
540,ridge,457,2.284893127625904,46,0.19593345656192238,0.21758994906371684,0.1742769640601279,0.02165649250179446
540,ridge,457,2.081909519596959,46,0.18484288354898337,0.20404610019233663,0.16563966690563012,0.019203216643353255
540,ridge,457,1.8969584158590391,46,0.17005545286506468,0.189800868267646,0.15031003746248336,0.01974541540258131
540,ridge,457,1.7284378584305944,46,0.1645101663585952,0.18398401135998574,0.14503632135720465,0.019473845001390544
540,ridge,457,1.5748882028619742,46,0.16081330868761554,0.18078229972625826,0.14084431764897282,0.019968991038642706
540,ridge,457,1.4349794754934861,46,0.15711645101663585,0.17692638289318416,0.13730651914008754,0.01980993187654831
540,ridge,457,1.307499853859804,46,0.1478743068391867,0.16401858694740343,0.13173002673096998,0.016144280108216714
540,ridge,457,1.1913451704634983,46,0.1478743068391867,0.16401858694740343,0.13173002673096998,0.016144280108216714
540,ridge,457,1.0855093490043985,46,0.1367837338262477,0.15225790874081424,0.12130955891168115,0.01547417491456655
540,ridge,457,0.9890756902279783,46,0.13493530499075784,0.1503692202273673,0.1195013897541484,0.015433915236609454
540,ridge,457,0.9012089319149545,46,0.1367837338262477,0.15175826831761624,0.12180919933487915,0.014974534491368551
540,ridge,457,0.8211480142395263,46,0.13493530499075784,0.14986823281745784,0.12000237716405784,0.014932927826699999
540,ridge,457,0.7481994878332479,46,0.13123844731977818,0.1449424259057891,0.11753446873376729,0.013703978586010902
540,ridge,457,0.6817315074583395,46,0.12939001848428835,0.1438024909386676,0.1149775460299091,0.01441247245437925
540,ridge,457,0.6211683592665079,46,0.12939001848428835,0.1438024909386676,0.1149775460299091,0.01441247245437925
540,ridge,457,0.5659854742410078,46,0.12939001848428835,0.14239245981287849,0.11638757715569821,0.01300244132859014
540,ridge,457,0.5157048846307689,46,0.1256931608133087,0.13892020918872458,0.11246611243789281,0.013227048375415891
540,ridge,457,0.4698910840223918,46,0.12754158964879853,0.14067128030560325,0.1144118989919938,0.013129690656804716
540,ridge,457,0.42814725519193747,46,0.12754158964879853,0.14067128030560325,0.1144118989919938,0.013129690656804716
540,ridge,457,0.39011183306396746,46,0.12754158964879853,0.140378336655602,0.11470484264199506,0.012836747006803472
540,ridge,457,0.35545537300783026,46,0.1256931608133087,0.13920469335970398,0.1121816282669134,0.013511532546395293
540,ridge,457,0.3238776973458739,46,0.1256931608133087,0.13920469335970398,0.1121816282669134,0.013511532546395293
540,ridge,457,0.2951052953580047,46,0.1256931608133087,0.13892020918872458,0.11246611243789281,0.013227048375415891
540,ridge,457,0.26888895426267506,46,0.1256931608133087,0.13892020918872458,0.11246611243789281,0.013227048375415891
540,ridge,457,0.24500160065499074,46,0.12384473197781885,0.1371399031482119,0.11054956080742581,0.013295171170393041
540,ridge,457,0.22323633370550783,46,0.12384473197781885,0.1371399031482119,0.11054956080742581,0.013295171170393041
540,ridge,457,0.2034046330842276,46,0.1256931608133087,0.1386294703990787,0.11275685122753869,0.012936309585770007
540,ridge,457,0.18533472608768464,46,0.12939001848428835,0.14268175213833575,0.11609828483024096,0.013291733654047394
540,ridge,457,0.16887009982596402,46,0.133086876155268,0.14632879827041748,0.11984495404011856,0.013241922115149454
540,ridge,457,0.15386814558292317,46,0.133086876155268,0.14632879827041748,0.11984495404011856,0.013241922115149454
540,ridge,457,0.1401989236077156,46,0.13493530499075784,0.14825266641549917,0.12161794356601652,0.013317361424741329
540,ridge,457,0.12774403763883108,46,0.1367837338262477,0.14953608218711278,0.1240313854653826,0.012752348360865093
540,ridge,457,0.11639560941231812,46,0.1367837338262477,0.14953608218711278,0.1240313854653826,0.012752348360865093
540,ridge,457,0.10605534427186976,46,0.13493530499075784,0.14822407637920898,0.1216465336023067,0.01328877138845114
540,ridge,457,0.09663367978753391,46,0.13493530499075784,0.14822407637920898,0.1216465336023067,0.01328877138845114
540,ridge,457,0.08804901000879105,46,0.13493530499075784,0.14822407637920898,0.1216465336023067,0.01328877138845114
540,ridge,457,0.08022697863285035,46,0.1367837338262477,0.14953608218711278,0.1240313854653826,0.012752348360865093
540,ridge,457,0.07309983496592638,46,0.1367837338262477,0.14953608218711278,0.1240313854653826,0.012752348360865093
540,ridge,457,0.0666058470991409,46,0.13493530499075784,0.14825266641549917,0.12161794356601652,0.013317361424741329
540,ridge,457,0.060688767216260084,46,0.13493530499075784,0.14825266641549917,0.12161794356601652,0.013317361424741329
540,ridge,457,0.05529734440201889,46,0.13493530499075784,0.14825266641549917,0.12161794356601652,0.013317361424741329
540,ridge,457,0.05038488073121095,46,0.13493530499075784,0.14825266641549917,0.12161794356601652,0.013317361424741329
540,ridge,457,0.04590882679360038,46,0.133086876155268,0.14632879827041748,0.11984495404011856,0.013241922115149454
540,ridge,457,0.04183041315128554,46,0.133086876155268,0.14574132577784227,0.12043242653269375,0.012654449622574265
540,ridge,457,0.03811431453637494,46,0.13493530499075784,0.14736639529841256,0.12250421468310313,0.012431090307654713
540,ridge,457,0.03472834388041605,46,0.13493530499075784,0.14736639529841256,0.12250421468310313,0.012431090307654713
540,ridge,457,0.03164317352540637,46,0.13123844731977818,0.14250545246188176,0.11997144217767461,0.011267005142103569
540,ridge,457,0.02883208120164995,46,0.13493530499075784,0.14457468835904128,0.1252959216224744,0.00963938336828343
540,ridge,457,0.026270718572240954,46,0.133086876155268,0.14262176460281867,0.12355198770771736,0.00953488844755066
540,ridge,457,0.02393690033941744,46,0.133086876155268,0.14262176460281867,0.12355198770771736,0.00953488844755066
540,ridge,457,0.021810412086125382,46,0.13123844731977818,0.141405286823252,0.12107160781630436,0.010166839503473836
540,ridge,457,0.019872835188408582,46,0.13123844731977818,0.1393212135761944,0.12315568106336197,0.008082766256416208
1347,ridge,167,185.74658731748156,53,0.4391691394658754,0.45565485463751,0.4226834242942408,0.016485715171634604
1347,ridge,167,169.24537243924294,53,0.4391691394658754,0.45565485463751,0.4226834242942408,0.016485715171634604
1347,ridge,167,154.21008001153305,53,0.4391691394658754,0.45565485463751,0.4226834242942408,0.016485715171634604
1347,ridge,167,140.51048152409857,53,0.4391691394658754,0.45565485463751,0.4226834242942408,0.016485715171634604
1347,ridge,167,128.02791760861217,53,0.4391691394658754,0.45565485463751,0.4226834242942408,0.016485715171634604
1347,ridge,167,116.65427026798984,53,0.4391691394658754,0.45565485463751,0.4226834242942408,0.016485715171634604
1347,ridge,167,106.2910264100228,53,0.4391691394658754,0.45565485463751,0.4226834242942408,0.016485715171634604
1347,ridge,167,96.84842457410063,53,0.4391691394658754,0.45565485463751,0.4226834242942408,0.016485715171634604
1347,ridge,167,88.24467746038061,53,0.4391691394658754,0.45565485463751,0.4226834242942408,0.016485715171634604
1347,ridge,167,80.40526352732279,53,0.4391691394658754,0.45565485463751,0.4226834242942408,0.016485715171634604
1347,ridge,167,73.26228152174765,53,0.4391691394658754,0.45565485463751,0.4226834242942408,0.016485715171634604
1347,ridge,167,66.75386235066448,53,0.4391691394658754,0.45565485463751,0.4226834242942408,0.016485715171634604
1347,ridge,167,60.82363320078544,53,0.4391691394658754,0.45565485463751,0.4226834242942408,0.016485715171634604
1347,ridge,167,55.42022926418524,53,0.4391691394658754,0.45565485463751,0.4226834242942408,0.016485715171634604
1347,ridge,167,50.49684884090731,53,0.4391691394658754,0.45565485463751,0.4226834242942408,0.016485715171634604
1347,ridge,167,46.010847965028354,53,0.4391691394658754,0.45565485463751,0.4226834242942408,0.016485715171634604
1347,ridge,167,41.92337104302599,53,0.4391691394658754,0.45565485463751,0.4226834242942408,0.016485715171634604
1347,ridge,167,38.199014305215854,53,0.4391691394658754,0.45565485463751,0.4226834242942408,0.016485715171634604
1347,ridge,167,34.80551915523548,53,0.4391691394658754,0.45565485463751,0.4226834242942408,0.016485715171634604
1347,ridge,167,31.713492761514814,53,0.4391691394658754,0.45565485463751,0.4226834242942408,0.016485715171634604
1347,ridge,167,28.896153470630455,53,0.4391691394658754,0.45565485463751,0.4226834242942408,0.016485715171634604
1347,ridge,167,26.329098837435804,53,0.4391691394658754,0.45565485463751,0.4226834242942408,0.016485715171634604
1347,ridge,167,23.990094262755132,53,0.4391691394658754,0.45565485463751,0.4226834242942408,0.016485715171634604
1347,ridge,167,21.858880407922353,53,0.4391691394658754,0.45565485463751,0.4226834242942408,0.016485715171634604
1347,ridge,167,19.9169977180814,53,0.4391691394658754,0.45565485463751,0.4226834242942408,0.016485715171634604
1347,ridge,167,18.14762653435296,53,0.4384272997032641,0.45505087078116113,0.4218037286253671,0.016623571077897047
1347,ridge,167,16.535441409995627,53,0.4384272997032641,0.45505087078116113,0.4218037286253671,0.016623571077897047
1347,ridge,167,15.066478368717807,53,0.4384272997032641,0.45505087078116113,0.4218037286253671,0.016623571077897047
1347,ridge,167,13.728013955395317,53,0.43768545994065283,0.45473111084106266,0.420639809040243,0.01704565090040982
1347,ridge,167,12.508455031589897,53,0.43768545994065283,0.45473111084106266,0.420639809040243,0.01704565090040982
1347,ridge,167,11.397238361330109,53,0.43694362017804156,0.4541510334425307,0.4197362069135524,0.01720741326448914
1347,ridge,167,10.384739117414725,53,0.4362017804154303,0.45372799561338234,0.41867556521747823,0.017526215197952038
1347,ridge,167,9.462187515763935,53,0.43471810089020774,0.45236839215653785,0.41706780962387763,0.01765029126633011
1347,ridge,167,8.62159285574504,53,0.4317507418397626,0.44948739156841544,0.41401409211110973,0.017736649728652878
1347,ridge,167,7.855674308546263,53,0.42729970326409494,0.44549693904730453,0.40910246748088536,0.018197235783209604
1347,ridge,167,7.157797854120653,53,0.422106824925816,0.4407839171212111,0.40342973273042093,0.018677092195395116
1347,ridge,167,6.521918820478109,53,0.40801186943620177,0.43073767825364795,0.3852860606187556,0.022725808817446194
1347,ridge,167,5.942529527628315,53,0.3909495548961424,0.4156099192026501,0.3662891905896347,0.024660364306507677
1347,ridge,167,5.414611582691491,53,0.3701780415430267,0.39368162811561863,0.34667445497043475,0.023503586572591915
1347,ridge,167,4.933592412980031,53,0.35682492581602376,0.38107906021266286,0.33257079141938467,0.024254134396639076
1347,ridge,167,4.4953056605613515,53,0.3397626112759644,0.3635212829909534,0.31600393956097544,0.023758671714988952
1347,ridge,167,4.095955095258641,53,0.3271513353115727,0.350633192282119,0.3036694783410264,0.02348185697054625
1347,ridge,167,3.7320817335211447,53,0.3115727002967359,0.338587956227459,0.28455744436601277,0.027015255930723125
1347,ridge,167,3.400533878363399,53,0.29451038575667654,0.3201358659743755,0.2688849055389776,0.025625480217698973
1347,ridge,167,3.0984398208736885,53,0.2707715133531157,0.2938961621364127,0.24764686456981877,0.023124648783296956
1347,ridge,167,2.823182966845253,53,0.25741839762611274,0.27769728693590195,0.23713950831632355,0.0202788893097892
1347,ridge,167,2.5723791730890246,53,0.24406528189910978,0.26148131804899577,0.22664924574922382,0.017416036149885964
1347,ridge,167,2.343856097125879,53,0.22997032640949555,0.2485338263928993,0.2114068264260918,0.01856349998340376
1347,ridge,167,2.13563438139531,53,0.21439169139465875,0.2312081570212721,0.1975752257680454,0.01681646562661335
1347,ridge,167,1.9459105090071487,53,0.20548961424332343,0.21959163673336632,0.19138759175328054,0.01410202249004289
1347,ridge,167,1.7730411825410481,53,0.19213649851632048,0.20676738883195878,0.17750560820068217,0.014630890315638304
1347,ridge,167,1.6155290905903676,53,0.18323442136498516,0.1965960800288705,0.16987276270109983,0.013361658663885346
1347,ridge,167,1.4720099387670693,53,0.1758160237388724,0.1890500849310291,0.1625819625467157,0.013234061192156695
1347,ridge,167,1.3412406328363955,53,0.1698813056379822,0.18148374201985315,0.15827886925611126,0.011602436381870935
1347,ridge,167,1.222088511629293,53,0.16246290801186944,0.1718558502959921,0.15306996572774678,0.00939294228412265
1347,ridge,167,1.1135215364732227,53,0.15504451038575667,0.16363213549517336,0.14645688527634,0.008587625109416689
1347,ridge,167,1.014599352166896,53,0.15652818991097922,0.16437682719073782,0.14867955263122062,0.007848637279758604
1347,ridge,167,0.9244651420733787,53,0.14836795252225518,0.15482760054732533,0.14190830449718503,0.006459648025070143
1347,ridge,167,0.8423382067842771,53,0.1446587537091988,0.15312665276844162,0.136190854649956,0.008467899059242797
1347,ridge,167,0.7675072020749408,53,0.14391691394658754,0.15207829493050812,0.13575553296266696,0.008161380983920573
1347,ridge,167,0.6993239775810909,53,0.14020771513353117,0.14990059292075764,0.1305148373463047,0.009692877787226465
1347,ridge,167,0.6371979628304334,53,0.13798219584569732,0.146297729348441,0.12966666234295363,0.008315533502743694
1347,ridge,167,0.5805910520037527,53,0.13798219584569732,0.14679828251551258,0.12916610917588206,0.008816086669815258
1347,ridge,167,0.5290129431197307,53,0.13353115727002968,0.1416854164443031,0.12537689809575625,0.008154259174273424
1347,ridge,167,0.48201689127374037,53,0.13056379821958458,0.13894019698314738,0.12218739945602178,0.0083763987635627965
1347,ridge,167,0.4391958391472014,53,0.1298219584569733,0.13767746364516326,0.12196645326878336,0.007855505188189947
1347,ridge,167,0.4001788912718191,53,0.129080118694362,0.13701111206545097,0.12114912532327304,0.007930993371088962
1347,ridge,167,0.3646281015104714,53,0.12833827893175073,0.13602498912386024,0.12065156873964121,0.007686710192109519
1347,ridge,167,0.33223554592943955,53,0.12388724035608309,0.13216904612009767,0.1156054345920685,0.00828180576401459
1347,ridge,167,0.30272065570860235,53,0.12314540059347182,0.13049246997685868,0.11579833121008495,0.0073470693833868565
1347,ridge,167,0.2758277869885382,53,0.12240356083086053,0.12950335406115807,0.11530376760056299,0.007099793230297534
1347,ridge,167,0.2513240066057126,53,0.12166172106824925,0.12909790317121048,0.11422553896528805,0.007436182102961209
1347,ridge,167,0.2289970745368485,53,0.12314540059347182,0.1308200616266679,0.11547073956027575,0.007674661033196074
1347,ridge,167,0.208653605577379,53,0.12166172106824925,0.12948692980262225,0.11383651233387625,0.007825208734373004
1347,ridge,167,0.19011739433131886,53,0.12091988130563798,0.12798604352980886,0.11385371908146709,0.007066162224170891
1347,ridge,167,0.1732278890044198,53,0.1201780415430267,0.12721398088029692,0.11314210220575649,0.007035939337270211
1347,ridge,167,0.1578388007813352,53,0.11869436201780416,0.12548727025471887,0.11190145378088946,0.006792908236914701
1347,ridge,167,0.143816836741885,53,0.11943620178041543,0.12561002445377303,0.11326237910705785,0.006173822673357588
1347,ridge,167,0.1310405453415473,53,0.11795252225519288,0.12460682463906793,0.11129821987131784,0.006654302383875049
1347,ridge,167,0.11939926445628098,53,0.11869436201780416,0.1248258915523659,0.11256283248324242,0.006131529534561745
1347,ridge,167,0.10879216288014715,53,0.11795252225519288,0.12413103851377116,0.1117740059966146,0.006178516258578279
1347,ridge,167,0.0991273669736401,53,0.11869436201780416,0.12473643590088311,0.1126522881347252,0.006042073883078949
1347,ridge,167,0.09032116489817343,53,0.11869436201780416,0.12473643590088311,0.1126522881347252,0.006042073883078949
1347,ridge,167,0.08229728154418128,53,0.1172106824925816,0.12371333352485926,0.11070803146030393,0.0065026510322776605
1347,ridge,167,0.0749862178726086,53,0.11646884272997032,0.1231815590622939,0.10975612639764674,0.006712716332323582
1347,ridge,167,0.06832464894748261,53,0.1172106824925816,0.12380656043712299,0.11061480454804021,0.006595877944541387
1347,ridge,167,0.062254875445611514,53,0.1172106824925816,0.12415748101557211,0.11026388396959108,0.0069467985229905126
1347,ridge,167,0.056724323892649885,53,0.1172106824925816,0.12388860159091648,0.11053276339424671,0.006677919098334882
1347,ridge,167,0.05168509129681457,53,0.1172106824925816,0.12388860159091648,0.11053276339424671,0.006677919098334882
1347,ridge,167,0.04709353023608625,53,0.11869436201780416,0.12548727025471887,0.11190145378088946,0.006792908236914702
1347,ridge,167,0.04290987080512047,53,0.11869436201780416,0.12548727025471887,0.11190145378088946,0.006792908236914702
1347,ridge,167,0.03909787614735314,53,0.11795252225519288,0.12460682463906793,0.11129821987131784,0.006654302383875049
1347,ridge,167,0.03562452858868433,53,0.11795252225519288,0.12460682463906793,0.11129821987131784,0.006654302383875049
1347,ridge,167,0.03245974365418066,53,0.1172106824925816,0.1242642300862211,0.11015713489894209,0.007053547593639512
1347,ridge,167,0.029576109490745513,53,0.1172106824925816,0.12461192063497926,0.10980944435018393,0.007401238142397673
1347,ridge,167,0.02694864943876116,53,0.11350148367952523,0.12100510680207112,0.10599786055697934,0.007503623122545885
1347,ridge,167,0.02455460569621175,53,0.11275964391691394,0.1204855815231153,0.10503370631071259,0.007725937606201352
1347,ridge,167,0.022373242201489393,53,0.11201780415430267,0.11955755826485341,0.10447805004375192,0.007539754110550748
1347,ridge,167,0.02038566502754845,53,0.11350148367952523,0.1219335199486358,0.10506944741041466,0.008432036269110571
