training_size,cost,gamma,param_type,trial_id,seeds,total,correct,accuracy,misclassification
108,10.0,0.006,minimum_error,A001,6029,2586,2255,0.8720030935808198,0.12799690641918016
108,10.0,0.006,minimum_error,A002,2718,2586,2281,0.8820572312451663,0.11794276875483367
108,10.0,0.006,minimum_error,A003,349,2586,2196,0.8491879350348028,0.15081206496519717
108,10.0,0.006,minimum_error,A004,7703,2586,2204,0.8522815158546017,0.14771848414539834
108,10.0,0.006,minimum_error,A005,2817,2586,2250,0.8700696055684455,0.12993039443155452
108,10.0,0.006,minimum_error,A006,3014,2586,2220,0.8584686774941995,0.14153132250580047
108,10.0,0.006,minimum_error,A007,8112,2586,2305,0.891337973704563,0.10866202629543698
108,10.0,0.006,minimum_error,A008,3207,2586,2189,0.8464810518174787,0.15351894818252132
108,10.0,0.006,minimum_error,A009,6281,2586,2222,0.8592420726991493,0.14075792730085068
108,10.0,0.006,minimum_error,A010,7089,2586,2216,0.8569218870843001,0.14307811291569994
108,10.0,0.006,minimum_error,A011,2254,2586,2285,0.8836040216550657,0.11639597834493431
108,10.0,0.006,minimum_error,A012,3860,2586,2229,0.8619489559164734,0.13805104408352664
108,10.0,0.006,minimum_error,A013,7474,2586,2242,0.8669760247486465,0.13302397525135345
108,10.0,0.006,minimum_error,A014,6835,2586,2237,0.8650425367362722,0.13495746326372782
108,10.0,0.006,minimum_error,A015,3867,2586,2224,0.860015467904099,0.139984532095901
108,10.0,0.006,minimum_error,A016,4344,2586,2254,0.871616395978345,0.12838360402165505
108,10.0,0.006,minimum_error,A017,464,2586,2161,0.8356535189481825,0.16434648105181748
108,10.0,0.006,minimum_error,A018,3815,2586,2225,0.8604021655065739,0.1395978344934261
108,10.0,0.006,minimum_error,A019,3672,2586,2172,0.839907192575406,0.16009280742459397
108,10.0,0.006,minimum_error,A020,4277,2586,2258,0.8731631863882444,0.12683681361175558
108,10.0,0.006,minimum_error,A021,8687,2586,2192,0.8476411446249034,0.15235885537509664
108,10.0,0.006,minimum_error,A022,8494,2586,2197,0.8495746326372776,0.15042536736272238
108,10.0,0.006,minimum_error,A023,6011,2586,2159,0.8348801237432328,0.16511987625676716
108,10.0,0.006,minimum_error,A024,9424,2586,2211,0.8549883990719258,0.1450116009280742
108,10.0,0.006,minimum_error,A025,3121,2586,2252,0.8708430007733952,0.12915699922660484
108,10.0,0.006,minimum_error,A026,8446,2586,2231,0.862722351121423,0.13727764887857696
108,10.0,0.006,minimum_error,A027,1231,2586,2281,0.8820572312451663,0.11794276875483367
108,10.0,0.006,minimum_error,A028,6539,2586,2223,0.8596287703016241,0.1403712296983759
108,10.0,0.006,minimum_error,A029,1658,2586,2232,0.8631090487238979,0.13689095127610207
108,10.0,0.006,minimum_error,A030,5265,2586,2285,0.8836040216550657,0.11639597834493431
108,10.0,0.006,minimum_error,A031,1648,2586,2292,0.8863109048723898,0.11368909512761016
108,10.0,0.006,minimum_error,A032,5195,2586,2184,0.8445475638051044,0.15545243619489557
108,10.0,0.006,minimum_error,A033,9267,2586,2245,0.8681361175560711,0.13186388244392888
108,10.0,0.006,minimum_error,A034,8891,2586,2221,0.8588553750966744,0.14114462490332558
108,10.0,0.006,minimum_error,A035,2941,2586,2186,0.8453209590100541,0.1546790409899459
108,10.0,0.006,minimum_error,A036,1775,2586,2254,0.871616395978345,0.12838360402165505
108,10.0,0.006,minimum_error,A037,7219,2586,2257,0.8727764887857695,0.12722351121423048
108,10.0,0.006,minimum_error,A038,801,2586,2273,0.8789636504253674,0.1210363495746326
108,10.0,0.006,minimum_error,A039,4085,2586,2242,0.8669760247486465,0.13302397525135345
108,10.0,0.006,minimum_error,A040,6177,2586,2151,0.8317865429234339,0.1682134570765661
108,10.0,0.006,minimum_error,A041,2083,2586,2229,0.8619489559164734,0.13805104408352664
108,10.0,0.006,minimum_error,A042,3671,2586,2205,0.8526682134570766,0.14733178654292345
108,10.0,0.006,minimum_error,A043,2601,2586,2181,0.8433874709976799,0.15661252900232014
108,10.0,0.006,minimum_error,A044,1008,2586,2221,0.8588553750966744,0.14114462490332558
108,10.0,0.006,minimum_error,A045,8301,2586,2108,0.8151585460170147,0.18484145398298535
108,10.0,0.006,minimum_error,A046,7184,2586,2261,0.874323279195669,0.125676720804331
108,10.0,0.006,minimum_error,A047,9774,2586,2203,0.8518948182521269,0.14810518174787313
108,10.0,0.006,minimum_error,A048,9041,2586,2280,0.8816705336426914,0.11832946635730857
108,10.0,0.006,minimum_error,A049,5021,2586,2242,0.8669760247486465,0.13302397525135345
108,10.0,0.006,minimum_error,A050,8718,2586,2284,0.8832173240525909,0.1167826759474091
108,10.0,0.006,minimum_error,A051,9552,2586,2300,0.8894044856921887,0.11059551430781134
108,10.0,0.006,minimum_error,A052,6898,2586,2228,0.8615622583139985,0.13843774168600154
108,10.0,0.006,minimum_error,A053,2302,2586,2211,0.8549883990719258,0.1450116009280742
108,10.0,0.006,minimum_error,A054,2532,2586,2217,0.857308584686775,0.14269141531322505
108,10.0,0.006,minimum_error,A055,3264,2586,2223,0.8596287703016241,0.1403712296983759
108,10.0,0.006,minimum_error,A056,978,2586,2203,0.8518948182521269,0.14810518174787313
108,10.0,0.006,minimum_error,A057,4169,2586,2296,0.8878576952822892,0.1121423047177108
108,10.0,0.006,minimum_error,A058,2789,2586,2235,0.8642691415313225,0.1357308584686775
108,10.0,0.006,minimum_error,A059,9568,2586,2262,0.8747099767981439,0.12529002320185612
108,10.0,0.006,minimum_error,A060,1909,2586,2220,0.8584686774941995,0.14153132250580047
108,10.0,0.006,minimum_error,A061,6310,2586,2229,0.8619489559164734,0.13805104408352664
108,10.0,0.006,minimum_error,A062,7344,2586,2208,0.8538283062645011,0.14617169373549888
108,10.0,0.006,minimum_error,A063,2320,2586,2174,0.8406805877803558,0.15931941221964419
108,10.0,0.006,minimum_error,A064,3175,2586,2255,0.8720030935808198,0.12799690641918016
108,10.0,0.006,minimum_error,A065,5920,2586,2245,0.8681361175560711,0.13186388244392888
108,10.0,0.006,minimum_error,A066,379,2586,2200,0.8507347254447022,0.1492652745552978
108,10.0,0.006,minimum_error,A067,8400,2586,2152,0.8321732405259087,0.1678267594740913
108,10.0,0.006,minimum_error,A068,6346,2586,2265,0.8758700696055685,0.12412993039443154
108,10.0,0.006,minimum_error,A069,4815,2586,2213,0.8557617942768755,0.1442382057231245
108,10.0,0.006,minimum_error,A070,3824,2586,2258,0.8731631863882444,0.12683681361175558
108,10.0,0.006,minimum_error,A071,3299,2586,2263,0.8750966744006187,0.12490332559938133
108,10.0,0.006,minimum_error,A072,7479,2586,2255,0.8720030935808198,0.12799690641918016
108,10.0,0.006,minimum_error,A073,5575,2586,2274,0.8793503480278422,0.12064965197215782
108,10.0,0.006,minimum_error,A074,9387,2586,2167,0.8379737045630317,0.16202629543696834
108,10.0,0.006,minimum_error,A075,3455,2586,2275,0.8797370456303171,0.12026295436968293
108,10.0,0.006,minimum_error,A076,7598,2586,2179,0.8426140757927301,0.15738592420726993
108,10.0,0.006,minimum_error,A077,8437,2586,2171,0.8395204949729311,0.16047950502706887
108,10.0,0.006,minimum_error,A078,915,2586,2255,0.8720030935808198,0.12799690641918016
108,10.0,0.006,minimum_error,A079,2952,2586,2279,0.8812838360402165,0.11871616395978346
108,10.0,0.006,minimum_error,A080,1408,2586,2208,0.8538283062645011,0.14617169373549888
108,10.0,0.006,minimum_error,A081,5027,2586,2264,0.8754833720030936,0.12451662799690644
108,10.0,0.006,minimum_error,A082,4483,2586,2273,0.8789636504253674,0.1210363495746326
108,10.0,0.006,minimum_error,A083,2826,2586,2154,0.8329466357308585,0.16705336426914152
108,10.0,0.006,minimum_error,A084,5228,2586,2235,0.8642691415313225,0.1357308584686775
108,10.0,0.006,minimum_error,A085,6375,2586,2270,0.8778035576179428,0.12219644238205718
108,10.0,0.006,minimum_error,A086,4760,2586,2214,0.8561484918793504,0.14385150812064962
108,10.0,0.006,minimum_error,A087,1103,2586,2242,0.8669760247486465,0.13302397525135345
108,10.0,0.006,minimum_error,A088,7696,2586,2268,0.877030162412993,0.12296983758700697
108,10.0,0.006,minimum_error,A089,4983,2586,2227,0.8611755607115236,0.13882443928847643
108,10.0,0.006,minimum_error,A090,745,2586,2235,0.8642691415313225,0.1357308584686775
108,10.0,0.006,minimum_error,A091,5593,2586,2239,0.865815931941222,0.13418406805877803
108,10.0,0.006,minimum_error,A092,4364,2586,2159,0.8348801237432328,0.16511987625676716
108,10.0,0.006,minimum_error,A093,56,2586,2259,0.8735498839907193,0.1264501160092807
108,10.0,0.006,minimum_error,A094,2171,2586,2236,0.8646558391337974,0.1353441608662026
108,10.0,0.006,minimum_error,A095,2650,2586,2236,0.8646558391337974,0.1353441608662026
108,10.0,0.006,minimum_error,A096,1321,2586,2173,0.8402938901778809,0.15970610982211908
108,10.0,0.006,minimum_error,A097,4492,2586,2289,0.8851508120649652,0.11484918793503485
108,10.0,0.006,minimum_error,A098,9590,2586,2240,0.8662026295436969,0.13379737045630313
108,10.0,0.006,minimum_error,A099,9248,2586,2270,0.8778035576179428,0.12219644238205718
108,10.0,0.006,minimum_error,A100,4502,2586,2224,0.860015467904099,0.139984532095901
540,200.0,0.002,minimum_error,B001,4517,2154,1939,0.9001857010213556,0.09981429897864436
540,200.0,0.002,minimum_error,B002,3927,2154,1933,0.8974001857010213,0.10259981429897869
540,200.0,0.002,minimum_error,B003,6757,2154,1955,0.9076137418755803,0.0923862581244197
540,200.0,0.002,minimum_error,B004,802,2154,1963,0.9113277623026926,0.08867223769730737
540,200.0,0.002,minimum_error,B005,6869,2154,1954,0.9071494893221913,0.0928505106778087
540,200.0,0.002,minimum_error,B006,1015,2154,1915,0.8890436397400185,0.11095636025998146
540,200.0,0.002,minimum_error,B007,7222,2154,1949,0.9048282265552461,0.09517177344475392
540,200.0,0.002,minimum_error,B008,8508,2154,1955,0.9076137418755803,0.0923862581244197
540,200.0,0.002,minimum_error,B009,6294,2154,1943,0.9020427112349118,0.09795728876508825
540,200.0,0.002,minimum_error,B010,8981,2154,1935,0.8983286908077994,0.10167130919220058
540,200.0,0.002,minimum_error,B011,9596,2154,1923,0.8927576601671309,0.10724233983286913
540,200.0,0.002,minimum_error,B012,5061,2154,1910,0.8867223769730733,0.11327762302692668
540,200.0,0.002,minimum_error,B013,4020,2154,1943,0.9020427112349118,0.09795728876508825
540,200.0,0.002,minimum_error,B014,15,2154,1933,0.8974001857010213,0.10259981429897869
540,200.0,0.002,minimum_error,B015,6965,2154,1923,0.8927576601671309,0.10724233983286913
540,200.0,0.002,minimum_error,B016,4248,2154,1942,0.9015784586815228,0.09842154131847725
540,200.0,0.002,minimum_error,B017,6886,2154,1934,0.8978644382544104,0.10213556174558958
540,200.0,0.002,minimum_error,B018,4409,2154,1929,0.8955431754874652,0.1044568245125348
540,200.0,0.002,minimum_error,B019,7633,2154,1955,0.9076137418755803,0.0923862581244197
540,200.0,0.002,minimum_error,B020,8964,2154,1938,0.8997214484679665,0.10027855153203347
540,200.0,0.002,minimum_error,B021,4938,2154,1903,0.88347260909935,0.11652739090065001
540,200.0,0.002,minimum_error,B022,3624,2154,1931,0.8964716805942433,0.10352831940575669
540,200.0,0.002,minimum_error,B023,4380,2154,1953,0.9066852367688022,0.0933147632311978
540,200.0,0.002,minimum_error,B024,1065,2154,1936,0.8987929433611885,0.10120705663881147
540,200.0,0.002,minimum_error,B025,1770,2154,1888,0.8765088207985144,0.12349117920148556
540,200.0,0.002,minimum_error,B026,9172,2154,1960,0.9099350046425255,0.09006499535747448
540,200.0,0.002,minimum_error,B027,4647,2154,1923,0.8927576601671309,0.10724233983286913
540,200.0,0.002,minimum_error,B028,521,2154,1926,0.8941504178272981,0.1058495821727019
540,200.0,0.002,minimum_error,B029,3840,2154,1946,0.903435468895079,0.09656453110492103
540,200.0,0.002,minimum_error,B030,5983,2154,1937,0.8992571959145775,0.10074280408542247
540,200.0,0.002,minimum_error,B031,5563,2154,1950,0.9052924791086351,0.09470752089136492
540,200.0,0.002,minimum_error,B032,1224,2154,1932,0.8969359331476323,0.10306406685236769
540,200.0,0.002,minimum_error,B033,9896,2154,1923,0.8927576601671309,0.10724233983286913
540,200.0,0.002,minimum_error,B034,3980,2154,1943,0.9020427112349118,0.09795728876508825
540,200.0,0.002,minimum_error,B035,3836,2154,1960,0.9099350046425255,0.09006499535747448
540,200.0,0.002,minimum_error,B036,2851,2154,1932,0.8969359331476323,0.10306406685236769
540,200.0,0.002,minimum_error,B037,1404,2154,1935,0.8983286908077994,0.10167130919220058
540,200.0,0.002,minimum_error,B038,1313,2154,1931,0.8964716805942433,0.10352831940575669
540,200.0,0.002,minimum_error,B039,3095,2154,1954,0.9071494893221913,0.0928505106778087
540,200.0,0.002,minimum_error,B040,4705,2154,1911,0.8871866295264624,0.11281337047353757
540,200.0,0.002,minimum_error,B041,3075,2154,1959,0.9094707520891365,0.09052924791086348
540,200.0,0.002,minimum_error,B042,3357,2154,1914,0.8885793871866295,0.11142061281337046
540,200.0,0.002,minimum_error,B043,2177,2154,1937,0.8992571959145775,0.10074280408542247
540,200.0,0.002,minimum_error,B044,1995,2154,1938,0.8997214484679665,0.10027855153203347
540,200.0,0.002,minimum_error,B045,3050,2154,1938,0.8997214484679665,0.10027855153203347
540,200.0,0.002,minimum_error,B046,9319,2154,1931,0.8964716805942433,0.10352831940575669
540,200.0,0.002,minimum_error,B047,8396,2154,1907,0.8853296193129062,0.11467038068709379
540,200.0,0.002,minimum_error,B048,5295,2154,1900,0.8820798514391829,0.11792014856081712
540,200.0,0.002,minimum_error,B049,447,2154,1931,0.8964716805942433,0.10352831940575669
540,200.0,0.002,minimum_error,B050,7212,2154,1939,0.9001857010213556,0.09981429897864436
540,200.0,0.002,minimum_error,B051,6743,2154,1917,0.8899721448467967,0.11002785515320335
540,200.0,0.002,minimum_error,B052,8937,2154,1943,0.9020427112349118,0.09795728876508825
540,200.0,0.002,minimum_error,B053,1186,2154,1935,0.8983286908077994,0.10167130919220058
540,200.0,0.002,minimum_error,B054,3605,2154,1933,0.8974001857010213,0.10259981429897869
540,200.0,0.002,minimum_error,B055,9324,2154,1942,0.9015784586815228,0.09842154131847725
540,200.0,0.002,minimum_error,B056,562,2154,1951,0.9057567316620242,0.0942432683379758
540,200.0,0.002,minimum_error,B057,1202,2154,1953,0.9066852367688022,0.0933147632311978
540,200.0,0.002,minimum_error,B058,9929,2154,1928,0.8950789229340761,0.1049210770659239
540,200.0,0.002,minimum_error,B059,3604,2154,1944,0.9025069637883009,0.09749303621169914
540,200.0,0.002,minimum_error,B060,1223,2154,1911,0.8871866295264624,0.11281337047353757
540,200.0,0.002,minimum_error,B061,6305,2154,1949,0.9048282265552461,0.09517177344475392
540,200.0,0.002,minimum_error,B062,9866,2154,1923,0.8927576601671309,0.10724233983286913
540,200.0,0.002,minimum_error,B063,1784,2154,1921,0.8918291550603529,0.10817084493964713
540,200.0,0.002,minimum_error,B064,2572,2154,1946,0.903435468895079,0.09656453110492103
540,200.0,0.002,minimum_error,B065,2260,2154,1934,0.8978644382544104,0.10213556174558958
540,200.0,0.002,minimum_error,B066,794,2154,1935,0.8983286908077994,0.10167130919220058
540,200.0,0.002,minimum_error,B067,3145,2154,1907,0.8853296193129062,0.11467038068709379
540,200.0,0.002,minimum_error,B068,1834,2154,1929,0.8955431754874652,0.1044568245125348
540,200.0,0.002,minimum_error,B069,9399,2154,1945,0.9029712163416899,0.09702878365831014
540,200.0,0.002,minimum_error,B070,8257,2154,1946,0.903435468895079,0.09656453110492103
540,200.0,0.002,minimum_error,B071,5834,2154,1934,0.8978644382544104,0.10213556174558958
540,200.0,0.002,minimum_error,B072,6141,2154,1911,0.8871866295264624,0.11281337047353757
540,200.0,0.002,minimum_error,B073,7963,2154,1926,0.8941504178272981,0.1058495821727019
540,200.0,0.002,minimum_error,B074,7707,2154,1910,0.8867223769730733,0.11327762302692668
540,200.0,0.002,minimum_error,B075,8833,2154,1937,0.8992571959145775,0.10074280408542247
540,200.0,0.002,minimum_error,B076,706,2154,1932,0.8969359331476323,0.10306406685236769
540,200.0,0.002,minimum_error,B077,7266,2154,1922,0.8922934076137419,0.10770659238625813
540,200.0,0.002,minimum_error,B078,1660,2154,1899,0.8816155988857939,0.11838440111420612
540,200.0,0.002,minimum_error,B079,7159,2154,1963,0.9113277623026926,0.08867223769730737
540,200.0,0.002,minimum_error,B080,6584,2154,1919,0.8909006499535748,0.10909935004642524
540,200.0,0.002,minimum_error,B081,6562,2154,1940,0.9006499535747446,0.09935004642525536
540,200.0,0.002,minimum_error,B082,5908,2154,1936,0.8987929433611885,0.10120705663881147
540,200.0,0.002,minimum_error,B083,8948,2154,1907,0.8853296193129062,0.11467038068709379
540,200.0,0.002,minimum_error,B084,6717,2154,1944,0.9025069637883009,0.09749303621169914
540,200.0,0.002,minimum_error,B085,7961,2154,1915,0.8890436397400185,0.11095636025998146
540,200.0,0.002,minimum_error,B086,511,2154,1938,0.8997214484679665,0.10027855153203347
540,200.0,0.002,minimum_error,B087,6409,2154,1914,0.8885793871866295,0.11142061281337046
540,200.0,0.002,minimum_error,B088,4951,2154,1928,0.8950789229340761,0.1049210770659239
540,200.0,0.002,minimum_error,B089,2793,2154,1935,0.8983286908077994,0.10167130919220058
540,200.0,0.002,minimum_error,B090,1821,2154,1910,0.8867223769730733,0.11327762302692668
540,200.0,0.002,minimum_error,B091,7558,2154,1964,0.9117920148560817,0.08820798514391825
540,200.0,0.002,minimum_error,B092,5807,2154,1960,0.9099350046425255,0.09006499535747448
540,200.0,0.002,minimum_error,B093,1449,2154,1942,0.9015784586815228,0.09842154131847725
540,200.0,0.002,minimum_error,B094,9236,2154,1956,0.9080779944289693,0.0919220055710307
540,200.0,0.002,minimum_error,B095,5496,2154,1936,0.8987929433611885,0.10120705663881147
540,200.0,0.002,minimum_error,B096,610,2154,1936,0.8987929433611885,0.10120705663881147
540,200.0,0.002,minimum_error,B097,6534,2154,1915,0.8890436397400185,0.11095636025998146
540,200.0,0.002,minimum_error,B098,3432,2154,1932,0.8969359331476323,0.10306406685236769
540,200.0,0.002,minimum_error,B099,8013,2154,1934,0.8978644382544104,0.10213556174558958
540,200.0,0.002,minimum_error,B100,4441,2154,1917,0.8899721448467967,0.11002785515320335
1347,100.0,0.008,minimum_error,C001,5699,1347,1240,0.9205642167780252,0.07943578322197475
1347,100.0,0.008,minimum_error,C002,4788,1347,1235,0.9168522642910171,0.08314773570898293
1347,100.0,0.008,minimum_error,C003,1120,1347,1219,0.9049740163325909,0.09502598366740911
1347,100.0,0.008,minimum_error,C004,2293,1347,1224,0.9086859688195991,0.09131403118040093
1347,100.0,0.008,minimum_error,C005,9025,1347,1214,0.9012620638455828,0.09873793615441717
1347,100.0,0.008,minimum_error,C006,8614,1347,1232,0.9146250927988122,0.08537490720118779
1347,100.0,0.008,minimum_error,C007,1479,1347,1225,0.9094283593170007,0.09057164068299928
1347,100.0,0.008,minimum_error,C008,4764,1347,1206,0.8953229398663697,0.10467706013363032
1347,100.0,0.008,minimum_error,C009,2020,1347,1220,0.9057164068299925,0.09428359317000745
1347,100.0,0.008,minimum_error,C010,4486,1347,1214,0.9012620638455828,0.09873793615441717
1347,100.0,0.008,minimum_error,C011,9788,1347,1216,0.902746844840386,0.09725315515961397
1347,100.0,0.008,minimum_error,C012,2133,1347,1223,0.9079435783221975,0.09205642167780248
1347,100.0,0.008,minimum_error,C013,8928,1347,1214,0.9012620638455828,0.09873793615441717
1347,100.0,0.008,minimum_error,C014,5947,1347,1217,0.9034892353377877,0.09651076466221231
1347,100.0,0.008,minimum_error,C015,2897,1347,1216,0.902746844840386,0.09725315515961397
1347,100.0,0.008,minimum_error,C016,4507,1347,1235,0.9168522642910171,0.08314773570898293
1347,100.0,0.008,minimum_error,C017,7078,1347,1207,0.8960653303637713,0.10393466963622866
1347,100.0,0.008,minimum_error,C018,1024,1347,1221,0.9064587973273942,0.0935412026726058
1347,100.0,0.008,minimum_error,C019,6737,1347,1228,0.9116555308092057,0.0883444691907943
1347,100.0,0.008,minimum_error,C020,5330,1347,1233,0.9153674832962138,0.08463251670378624
1347,100.0,0.008,minimum_error,C021,4225,1347,1218,0.9042316258351893,0.09576837416481065
1347,100.0,0.008,minimum_error,C022,3578,1347,1224,0.9086859688195991,0.09131403118040093
1347,100.0,0.008,minimum_error,C023,3793,1347,1207,0.8960653303637713,0.10393466963622866
1347,100.0,0.008,minimum_error,C024,3887,1347,1218,0.9042316258351893,0.09576837416481065
1347,100.0,0.008,minimum_error,C025,5121,1347,1208,0.896807720861173,0.103192279138827
1347,100.0,0.008,minimum_error,C026,3362,1347,1227,0.910913140311804,0.08908685968819596
1347,100.0,0.008,minimum_error,C027,8300,1347,1225,0.9094283593170007,0.09057164068299928
1347,100.0,0.008,minimum_error,C028,2033,1347,1232,0.9146250927988122,0.08537490720118779
1347,100.0,0.008,minimum_error,C029,8465,1347,1238,0.9190794357832219,0.08092056421677807
1347,100.0,0.008,minimum_error,C030,1757,1347,1211,0.8990348923533779,0.10096510764662214
1347,100.0,0.008,minimum_error,C031,6903,1347,1213,0.9005196733481812,0.09948032665181883
1347,100.0,0.008,minimum_error,C032,8451,1347,1213,0.9005196733481812,0.09948032665181883
1347,100.0,0.008,minimum_error,C033,7339,1347,1237,0.9183370452858204,0.08166295471417961
1347,100.0,0.008,minimum_error,C034,1000,1347,1207,0.8960653303637713,0.10393466963622866
1347,100.0,0.008,minimum_error,C035,709,1347,1231,0.9138827023014106,0.08611729769858945
1347,100.0,0.008,minimum_error,C036,9006,1347,1231,0.9138827023014106,0.08611729769858945
1347,100.0,0.008,minimum_error,C037,4092,1347,1218,0.9042316258351893,0.09576837416481065
1347,100.0,0.008,minimum_error,C038,6959,1347,1232,0.9146250927988122,0.08537490720118779
1347,100.0,0.008,minimum_error,C039,4578,1347,1220,0.9057164068299925,0.09428359317000745
1347,100.0,0.008,minimum_error,C040,2314,1347,1232,0.9146250927988122,0.08537490720118779
1347,100.0,0.008,minimum_error,C041,9511,1347,1221,0.9064587973273942,0.0935412026726058
1347,100.0,0.008,minimum_error,C042,4055,1347,1220,0.9057164068299925,0.09428359317000745
1347,100.0,0.008,minimum_error,C043,6142,1347,1222,0.9072011878247959,0.09279881217520414
1347,100.0,0.008,minimum_error,C044,4377,1347,1231,0.9138827023014106,0.08611729769858945
1347,100.0,0.008,minimum_error,C045,9607,1347,1224,0.9086859688195991,0.09131403118040093
1347,100.0,0.008,minimum_error,C046,2094,1347,1215,0.9020044543429844,0.09799554565701563
1347,100.0,0.008,minimum_error,C047,6405,1347,1224,0.9086859688195991,0.09131403118040093
1347,100.0,0.008,minimum_error,C048,2556,1347,1208,0.896807720861173,0.103192279138827
1347,100.0,0.008,minimum_error,C049,949,1347,1208,0.896807720861173,0.103192279138827
1347,100.0,0.008,minimum_error,C050,829,1347,1209,0.8975501113585747,0.10244988864142535
1347,100.0,0.008,minimum_error,C051,5310,1347,1222,0.9072011878247959,0.09279881217520414
1347,100.0,0.008,minimum_error,C052,7587,1347,1205,0.894580549368968,0.10541945063103197
1347,100.0,0.008,minimum_error,C053,5186,1347,1222,0.9072011878247959,0.09279881217520414
1347,100.0,0.008,minimum_error,C054,4611,1347,1222,0.9072011878247959,0.09279881217520414
1347,100.0,0.008,minimum_error,C055,8947,1347,1226,0.9101707498144024,0.08982925018559762
1347,100.0,0.008,minimum_error,C056,2460,1347,1230,0.9131403118040089,0.0868596881959911
1347,100.0,0.008,minimum_error,C057,3124,1347,1232,0.9146250927988122,0.08537490720118779
1347,100.0,0.008,minimum_error,C058,8623,1347,1225,0.9094283593170007,0.09057164068299928
1347,100.0,0.008,minimum_error,C059,4122,1347,1229,0.9123979213066072,0.08760207869339276
1347,100.0,0.008,minimum_error,C060,3003,1347,1212,0.8997772828507795,0.10022271714922049
1347,100.0,0.008,minimum_error,C061,1440,1347,1215,0.9020044543429844,0.09799554565701563
1347,100.0,0.008,minimum_error,C062,8158,1347,1211,0.8990348923533779,0.10096510764662214
1347,100.0,0.008,minimum_error,C063,6776,1347,1211,0.8990348923533779,0.10096510764662214
1347,100.0,0.008,minimum_error,C064,4198,1347,1230,0.9131403118040089,0.0868596881959911
1347,100.0,0.008,minimum_error,C065,1929,1347,1221,0.9064587973273942,0.0935412026726058
1347,100.0,0.008,minimum_error,C066,8224,1347,1214,0.9012620638455828,0.09873793615441717
1347,100.0,0.008,minimum_error,C067,8704,1347,1227,0.910913140311804,0.08908685968819596
1347,100.0,0.008,minimum_error,C068,7924,1347,1228,0.9116555308092057,0.0883444691907943
1347,100.0,0.008,minimum_error,C069,8990,1347,1213,0.9005196733481812,0.09948032665181883
1347,100.0,0.008,minimum_error,C070,3842,1347,1208,0.896807720861173,0.103192279138827
1347,100.0,0.008,minimum_error,C071,8998,1347,1211,0.8990348923533779,0.10096510764662214
1347,100.0,0.008,minimum_error,C072,5482,1347,1207,0.8960653303637713,0.10393466963622866
1347,100.0,0.008,minimum_error,C073,3531,1347,1223,0.9079435783221975,0.09205642167780248
1347,100.0,0.008,minimum_error,C074,2836,1347,1219,0.9049740163325909,0.09502598366740911
1347,100.0,0.008,minimum_error,C075,9340,1347,1210,0.8982925018559762,0.1017074981440238
1347,100.0,0.008,minimum_error,C076,2604,1347,1200,0.89086859688196,0.10913140311804004
1347,100.0,0.008,minimum_error,C077,6773,1347,1228,0.9116555308092057,0.0883444691907943
1347,100.0,0.008,minimum_error,C078,3972,1347,1230,0.9131403118040089,0.0868596881959911
1347,100.0,0.008,minimum_error,C079,4508,1347,1222,0.9072011878247959,0.09279881217520414
1347,100.0,0.008,minimum_error,C080,4110,1347,1222,0.9072011878247959,0.09279881217520414
1347,100.0,0.008,minimum_error,C081,8181,1347,1228,0.9116555308092057,0.0883444691907943
1347,100.0,0.008,minimum_error,C082,6410,1347,1218,0.9042316258351893,0.09576837416481065
1347,100.0,0.008,minimum_error,C083,8425,1347,1236,0.9175946547884187,0.08240534521158127
1347,100.0,0.008,minimum_error,C084,7697,1347,1219,0.9049740163325909,0.09502598366740911
1347,100.0,0.008,minimum_error,C085,529,1347,1230,0.9131403118040089,0.0868596881959911
1347,100.0,0.008,minimum_error,C086,3919,1347,1229,0.9123979213066072,0.08760207869339276
1347,100.0,0.008,minimum_error,C087,1158,1347,1208,0.896807720861173,0.103192279138827
1347,100.0,0.008,minimum_error,C088,4420,1347,1232,0.9146250927988122,0.08537490720118779
1347,100.0,0.008,minimum_error,C089,1251,1347,1214,0.9012620638455828,0.09873793615441717
1347,100.0,0.008,minimum_error,C090,8753,1347,1241,0.9213066072754269,0.0786933927245731
1347,100.0,0.008,minimum_error,C091,9649,1347,1223,0.9079435783221975,0.09205642167780248
1347,100.0,0.008,minimum_error,C092,3386,1347,1210,0.8982925018559762,0.1017074981440238
1347,100.0,0.008,minimum_error,C093,9548,1347,1221,0.9064587973273942,0.0935412026726058
1347,100.0,0.008,minimum_error,C094,2907,1347,1222,0.9072011878247959,0.09279881217520414
1347,100.0,0.008,minimum_error,C095,5990,1347,1208,0.896807720861173,0.103192279138827
1347,100.0,0.008,minimum_error,C096,6854,1347,1230,0.9131403118040089,0.0868596881959911
1347,100.0,0.008,minimum_error,C097,7415,1347,1235,0.9168522642910171,0.08314773570898293
1347,100.0,0.008,minimum_error,C098,4850,1347,1228,0.9116555308092057,0.0883444691907943
1347,100.0,0.008,minimum_error,C099,4304,1347,1215,0.9020044543429844,0.09799554565701563
1347,100.0,0.008,minimum_error,C100,417,1347,1218,0.9042316258351893,0.09576837416481065
108,100.0,0.01,se1_error,D001,8670,2586,2210,0.8546017014694509,0.14539829853054909
108,100.0,0.01,se1_error,D002,6544,2586,2150,0.831399845320959,0.168600154679041
108,100.0,0.01,se1_error,D003,5766,2586,2209,0.854215003866976,0.14578499613302398
108,100.0,0.01,se1_error,D004,7746,2586,2147,0.8302397525135344,0.16976024748646557
108,100.0,0.01,se1_error,D005,6713,2586,2166,0.8375870069605569,0.16241299303944312
108,100.0,0.01,se1_error,D006,6153,2586,2210,0.8546017014694509,0.14539829853054909
108,100.0,0.01,se1_error,D007,1338,2586,2122,0.8205723124516628,0.17942768754833716
108,100.0,0.01,se1_error,D008,7907,2586,2153,0.8325599381283836,0.16744006187161642
108,100.0,0.01,se1_error,D009,19,2586,2138,0.8267594740912606,0.1732405259087394
108,100.0,0.01,se1_error,D010,4864,2586,2206,0.8530549110595514,0.14694508894044855
108,100.0,0.01,se1_error,D011,2350,2586,2185,0.8449342614075793,0.15506573859242068
108,100.0,0.01,se1_error,D012,1090,2586,2092,0.8089713843774169,0.1910286156225831
108,100.0,0.01,se1_error,D013,9086,2586,2067,0.7993039443155452,0.2006960556844548
108,100.0,0.01,se1_error,D014,8324,2586,2163,0.8364269141531323,0.1635730858468677
108,100.0,0.01,se1_error,D015,8579,2586,2183,0.8441608662026295,0.15583913379737047
108,100.0,0.01,se1_error,D016,7205,2586,2080,0.8043310131477185,0.1956689868522815
108,100.0,0.01,se1_error,D017,9034,2586,2142,0.8283062645011601,0.17169373549883993
108,100.0,0.01,se1_error,D018,652,2586,2174,0.8406805877803558,0.15931941221964419
108,100.0,0.01,se1_error,D019,1180,2586,2119,0.8194122196442382,0.18058778035576184
108,100.0,0.01,se1_error,D020,7953,2586,2147,0.8302397525135344,0.16976024748646557
108,100.0,0.01,se1_error,D021,1942,2586,2127,0.8225058004640371,0.1774941995359629
108,100.0,0.01,se1_error,D022,3043,2586,2117,0.8186388244392885,0.18136117556071152
108,100.0,0.01,se1_error,D023,1508,2586,2217,0.857308584686775,0.14269141531322505
108,100.0,0.01,se1_error,D024,7926,2586,2161,0.8356535189481825,0.16434648105181748
108,100.0,0.01,se1_error,D025,3865,2586,2216,0.8569218870843001,0.14307811291569994
108,100.0,0.01,se1_error,D026,4082,2586,2184,0.8445475638051044,0.15545243619489557
108,100.0,0.01,se1_error,D027,3436,2586,2046,0.7911832946635731,0.20881670533642693
108,100.0,0.01,se1_error,D028,2642,2586,2135,0.825599381283836,0.17440061871616397
108,100.0,0.01,se1_error,D029,6701,2586,2176,0.8414539829853055,0.1585460170146945
108,100.0,0.01,se1_error,D030,4509,2586,2170,0.8391337973704563,0.16086620262954365
108,100.0,0.01,se1_error,D031,1230,2586,2153,0.8325599381283836,0.16744006187161642
108,100.0,0.01,se1_error,D032,1957,2586,2156,0.8337200309358082,0.16627996906419185
108,100.0,0.01,se1_error,D033,2493,2586,2209,0.854215003866976,0.14578499613302398
108,100.0,0.01,se1_error,D034,3180,2586,2023,0.7822892498066512,0.21771075019334885
108,100.0,0.01,se1_error,D035,9719,2586,2151,0.8317865429234339,0.1682134570765661
108,100.0,0.01,se1_error,D036,8946,2586,2209,0.854215003866976,0.14578499613302398
108,100.0,0.01,se1_error,D037,9789,2586,2116,0.8182521268368136,0.1817478731631864
108,100.0,0.01,se1_error,D038,563,2586,2182,0.8437741686001546,0.15622583139984536
108,100.0,0.01,se1_error,D039,2371,2586,2020,0.7811291569992266,0.21887084300077342
108,100.0,0.01,se1_error,D040,5358,2586,2184,0.8445475638051044,0.15545243619489557
108,100.0,0.01,se1_error,D041,2966,2586,2132,0.8244392884764115,0.17556071152358854
108,100.0,0.01,se1_error,D042,6774,2586,2230,0.8623356535189481,0.13766434648105186
108,100.0,0.01,se1_error,D043,513,2586,2237,0.8650425367362722,0.13495746326372782
108,100.0,0.01,se1_error,D044,9612,2586,2027,0.7838360402165506,0.21616395978344938
108,100.0,0.01,se1_error,D045,9573,2586,2213,0.8557617942768755,0.1442382057231245
108,100.0,0.01,se1_error,D046,3527,2586,2087,0.8070378963650425,0.19296210363495747
108,100.0,0.01,se1_error,D047,4328,2586,2001,0.7737819025522041,0.22621809744779586
108,100.0,0.01,se1_error,D048,406,2586,2205,0.8526682134570766,0.14733178654292345
108,100.0,0.01,se1_error,D049,1702,2586,2053,0.7938901778808971,0.2061098221191029
108,100.0,0.01,se1_error,D050,6377,2586,2191,0.8472544470224285,0.15274555297757153
108,100.0,0.01,se1_error,D051,8003,2586,2275,0.8797370456303171,0.12026295436968293
108,100.0,0.01,se1_error,D052,2155,2586,2265,0.8758700696055685,0.12412993039443154
108,100.0,0.01,se1_error,D053,3982,2586,2020,0.7811291569992266,0.21887084300077342
108,100.0,0.01,se1_error,D054,1403,2586,2069,0.800077339520495,0.19992266047950502
108,100.0,0.01,se1_error,D055,2783,2586,2055,0.7946635730858469,0.2053364269141531
108,100.0,0.01,se1_error,D056,3220,2586,2043,0.7900232018561485,0.2099767981438515
108,100.0,0.01,se1_error,D057,8935,2586,2170,0.8391337973704563,0.16086620262954365
108,100.0,0.01,se1_error,D058,1253,2586,2094,0.8097447795823666,0.19025522041763343
108,100.0,0.01,se1_error,D059,8849,2586,2179,0.8426140757927301,0.15738592420726993
108,100.0,0.01,se1_error,D060,3252,2586,2179,0.8426140757927301,0.15738592420726993
108,100.0,0.01,se1_error,D061,6976,2586,2237,0.8650425367362722,0.13495746326372782
108,100.0,0.01,se1_error,D062,9414,2586,2227,0.8611755607115236,0.13882443928847643
108,100.0,0.01,se1_error,D063,5308,2586,2177,0.8418406805877804,0.1581593194122196
108,100.0,0.01,se1_error,D064,9877,2586,2098,0.811291569992266,0.18870843000773396
108,100.0,0.01,se1_error,D065,6719,2586,2138,0.8267594740912606,0.1732405259087394
108,100.0,0.01,se1_error,D066,4628,2586,2146,0.8298530549110595,0.17014694508894046
108,100.0,0.01,se1_error,D067,7647,2586,2194,0.848414539829853,0.15158546017014696
108,100.0,0.01,se1_error,D068,1873,2586,2163,0.8364269141531323,0.1635730858468677
108,100.0,0.01,se1_error,D069,172,2586,2198,0.8499613302397525,0.1500386697602475
108,100.0,0.01,se1_error,D070,6768,2586,2182,0.8437741686001546,0.15622583139984536
108,100.0,0.01,se1_error,D071,8927,2586,2110,0.8159319412219644,0.18406805877803556
108,100.0,0.01,se1_error,D072,5171,2586,2194,0.848414539829853,0.15158546017014696
108,100.0,0.01,se1_error,D073,2470,2586,2217,0.857308584686775,0.14269141531322505
108,100.0,0.01,se1_error,D074,3554,2586,2169,0.8387470997679815,0.16125290023201855
108,100.0,0.01,se1_error,D075,826,2586,2066,0.7989172467130704,0.2010827532869296
108,100.0,0.01,se1_error,D076,1102,2586,2056,0.7950502706883217,0.20494972931167832
108,100.0,0.01,se1_error,D077,5367,2586,2115,0.8178654292343387,0.1821345707656613
108,100.0,0.01,se1_error,D078,8721,2586,2019,0.7807424593967517,0.2192575406032483
108,100.0,0.01,se1_error,D079,6940,2586,2141,0.8279195668986852,0.17208043310131482
108,100.0,0.01,se1_error,D080,6850,2586,2127,0.8225058004640371,0.1774941995359629
108,100.0,0.01,se1_error,D081,4717,2586,2187,0.845707656612529,0.154292343387471
108,100.0,0.01,se1_error,D082,8053,2586,2078,0.8035576179427688,0.1964423820572312
108,100.0,0.01,se1_error,D083,6138,2586,2113,0.817092034029389,0.182907965970611
108,100.0,0.01,se1_error,D084,297,2586,2122,0.8205723124516628,0.17942768754833716
108,100.0,0.01,se1_error,D085,3324,2586,2192,0.8476411446249034,0.15235885537509664
108,100.0,0.01,se1_error,D086,9063,2586,2056,0.7950502706883217,0.20494972931167832
108,100.0,0.01,se1_error,D087,6856,2586,2184,0.8445475638051044,0.15545243619489557
108,100.0,0.01,se1_error,D088,2361,2586,2240,0.8662026295436969,0.13379737045630313
108,100.0,0.01,se1_error,D089,4991,2586,2108,0.8151585460170147,0.18484145398298535
108,100.0,0.01,se1_error,D090,276,2586,2240,0.8662026295436969,0.13379737045630313
108,100.0,0.01,se1_error,D091,4648,2586,2272,0.8785769528228925,0.1214230471771075
108,100.0,0.01,se1_error,D092,1965,2586,2186,0.8453209590100541,0.1546790409899459
108,100.0,0.01,se1_error,D093,8706,2586,2198,0.8499613302397525,0.1500386697602475
108,100.0,0.01,se1_error,D094,1021,2586,2169,0.8387470997679815,0.16125290023201855
108,100.0,0.01,se1_error,D095,3371,2586,2210,0.8546017014694509,0.14539829853054909
108,100.0,0.01,se1_error,D096,8637,2586,2187,0.845707656612529,0.154292343387471
108,100.0,0.01,se1_error,D097,9544,2586,2036,0.7873163186388245,0.21268368136117555
108,100.0,0.01,se1_error,D098,656,2586,2205,0.8526682134570766,0.14733178654292345
108,100.0,0.01,se1_error,D099,5283,2586,2192,0.8476411446249034,0.15235885537509664
108,100.0,0.01,se1_error,D100,8778,2586,2033,0.7861562258313999,0.21384377416860012
540,10.0,0.007,se1_error,E001,9810,2154,1943,0.9020427112349118,0.09795728876508825
540,10.0,0.007,se1_error,E002,9002,2154,1955,0.9076137418755803,0.0923862581244197
540,10.0,0.007,se1_error,E003,2047,2154,1928,0.8950789229340761,0.1049210770659239
540,10.0,0.007,se1_error,E004,1876,2154,1935,0.8983286908077994,0.10167130919220058
540,10.0,0.007,se1_error,E005,2447,2154,1947,0.903899721448468,0.09610027855153203
540,10.0,0.007,se1_error,E006,5798,2154,1948,0.904363974001857,0.09563602599814303
540,10.0,0.007,se1_error,E007,7516,2154,1945,0.9029712163416899,0.09702878365831014
540,10.0,0.007,se1_error,E008,204,2154,1906,0.8848653667595172,0.11513463324048279
540,10.0,0.007,se1_error,E009,182,2154,1941,0.9011142061281338,0.09888579387186625
540,10.0,0.007,se1_error,E010,4303,2154,1944,0.9025069637883009,0.09749303621169914
540,10.0,0.007,se1_error,E011,7566,2154,1933,0.8974001857010213,0.10259981429897869
540,10.0,0.007,se1_error,E012,5409,2154,1941,0.9011142061281338,0.09888579387186625
540,10.0,0.007,se1_error,E013,9540,2154,1937,0.8992571959145775,0.10074280408542247
540,10.0,0.007,se1_error,E014,7359,2154,1937,0.8992571959145775,0.10074280408542247
540,10.0,0.007,se1_error,E015,9304,2154,1909,0.8862581244196843,0.11374187558031568
540,10.0,0.007,se1_error,E016,827,2154,1936,0.8987929433611885,0.10120705663881147
540,10.0,0.007,se1_error,E017,4419,2154,1953,0.9066852367688022,0.0933147632311978
540,10.0,0.007,se1_error,E018,772,2154,1933,0.8974001857010213,0.10259981429897869
540,10.0,0.007,se1_error,E019,6975,2154,1941,0.9011142061281338,0.09888579387186625
540,10.0,0.007,se1_error,E020,3280,2154,1959,0.9094707520891365,0.09052924791086348
540,10.0,0.007,se1_error,E021,9992,2154,1945,0.9029712163416899,0.09702878365831014
540,10.0,0.007,se1_error,E022,9803,2154,1948,0.904363974001857,0.09563602599814303
540,10.0,0.007,se1_error,E023,6257,2154,1948,0.904363974001857,0.09563602599814303
540,10.0,0.007,se1_error,E024,9125,2154,1912,0.8876508820798514,0.11234911792014857
540,10.0,0.007,se1_error,E025,282,2154,1945,0.9029712163416899,0.09702878365831014
540,10.0,0.007,se1_error,E026,3427,2154,1944,0.9025069637883009,0.09749303621169914
540,10.0,0.007,se1_error,E027,6212,2154,1940,0.9006499535747446,0.09935004642525536
540,10.0,0.007,se1_error,E028,8523,2154,1954,0.9071494893221913,0.0928505106778087
540,10.0,0.007,se1_error,E029,5093,2154,1938,0.8997214484679665,0.10027855153203347
540,10.0,0.007,se1_error,E030,5591,2154,1929,0.8955431754874652,0.1044568245125348
540,10.0,0.007,se1_error,E031,2781,2154,1932,0.8969359331476323,0.10306406685236769
540,10.0,0.007,se1_error,E032,2210,2154,1934,0.8978644382544104,0.10213556174558958
540,10.0,0.007,se1_error,E033,8606,2154,1916,0.8895078922934077,0.11049210770659235
540,10.0,0.007,se1_error,E034,947,2154,1941,0.9011142061281338,0.09888579387186625
540,10.0,0.007,se1_error,E035,5113,2154,1955,0.9076137418755803,0.0923862581244197
540,10.0,0.007,se1_error,E036,6521,2154,1921,0.8918291550603529,0.10817084493964713
540,10.0,0.007,se1_error,E037,5268,2154,1943,0.9020427112349118,0.09795728876508825
540,10.0,0.007,se1_error,E038,5512,2154,1946,0.903435468895079,0.09656453110492103
540,10.0,0.007,se1_error,E039,3268,2154,1932,0.8969359331476323,0.10306406685236769
540,10.0,0.007,se1_error,E040,9171,2154,1931,0.8964716805942433,0.10352831940575669
540,10.0,0.007,se1_error,E041,8103,2154,1949,0.9048282265552461,0.09517177344475392
540,10.0,0.007,se1_error,E042,9494,2154,1936,0.8987929433611885,0.10120705663881147
540,10.0,0.007,se1_error,E043,6254,2154,1923,0.8927576601671309,0.10724233983286913
540,10.0,0.007,se1_error,E044,5146,2154,1948,0.904363974001857,0.09563602599814303
540,10.0,0.007,se1_error,E045,4782,2154,1936,0.8987929433611885,0.10120705663881147
540,10.0,0.007,se1_error,E046,4608,2154,1905,0.8844011142061281,0.1155988857938719
540,10.0,0.007,se1_error,E047,4981,2154,1955,0.9076137418755803,0.0923862581244197
540,10.0,0.007,se1_error,E048,6728,2154,1925,0.893686165273909,0.10631383472609102
540,10.0,0.007,se1_error,E049,9087,2154,1942,0.9015784586815228,0.09842154131847725
540,10.0,0.007,se1_error,E050,8290,2154,1936,0.8987929433611885,0.10120705663881147
540,10.0,0.007,se1_error,E051,7752,2154,1942,0.9015784586815228,0.09842154131847725
540,10.0,0.007,se1_error,E052,469,2154,1960,0.9099350046425255,0.09006499535747448
540,10.0,0.007,se1_error,E053,6124,2154,1950,0.9052924791086351,0.09470752089136492
540,10.0,0.007,se1_error,E054,1928,2154,1942,0.9015784586815228,0.09842154131847725
540,10.0,0.007,se1_error,E055,5499,2154,1909,0.8862581244196843,0.11374187558031568
540,10.0,0.007,se1_error,E056,6224,2154,1935,0.8983286908077994,0.10167130919220058
540,10.0,0.007,se1_error,E057,3596,2154,1961,0.9103992571959145,0.08960074280408548
540,10.0,0.007,se1_error,E058,2080,2154,1935,0.8983286908077994,0.10167130919220058
540,10.0,0.007,se1_error,E059,3254,2154,1935,0.8983286908077994,0.10167130919220058
540,10.0,0.007,se1_error,E060,5914,2154,1957,0.9085422469823584,0.09145775301764159
540,10.0,0.007,se1_error,E061,8613,2154,1955,0.9076137418755803,0.0923862581244197
540,10.0,0.007,se1_error,E062,8779,2154,1963,0.9113277623026926,0.08867223769730737
540,10.0,0.007,se1_error,E063,2848,2154,1930,0.8960074280408542,0.1039925719591458
540,10.0,0.007,se1_error,E064,4205,2154,1956,0.9080779944289693,0.0919220055710307
540,10.0,0.007,se1_error,E065,4624,2154,1949,0.9048282265552461,0.09517177344475392
540,10.0,0.007,se1_error,E066,7405,2154,1927,0.8946146703806871,0.1053853296193129
540,10.0,0.007,se1_error,E067,9140,2154,1936,0.8987929433611885,0.10120705663881147
540,10.0,0.007,se1_error,E068,4786,2154,1954,0.9071494893221913,0.0928505106778087
540,10.0,0.007,se1_error,E069,2018,2154,1952,0.9062209842154132,0.0937790157845868
540,10.0,0.007,se1_error,E070,347,2154,1919,0.8909006499535748,0.10909935004642524
540,10.0,0.007,se1_error,E071,6621,2154,1951,0.9057567316620242,0.0942432683379758
540,10.0,0.007,se1_error,E072,3822,2154,1930,0.8960074280408542,0.1039925719591458
540,10.0,0.007,se1_error,E073,1200,2154,1947,0.903899721448468,0.09610027855153203
540,10.0,0.007,se1_error,E074,9033,2154,1924,0.89322191272052,0.10677808727948002
540,10.0,0.007,se1_error,E075,7267,2154,1948,0.904363974001857,0.09563602599814303
540,10.0,0.007,se1_error,E076,6132,2154,1919,0.8909006499535748,0.10909935004642524
540,10.0,0.007,se1_error,E077,2405,2154,1937,0.8992571959145775,0.10074280408542247
540,10.0,0.007,se1_error,E078,1632,2154,1934,0.8978644382544104,0.10213556174558958
540,10.0,0.007,se1_error,E079,2731,2154,1932,0.8969359331476323,0.10306406685236769
540,10.0,0.007,se1_error,E080,4397,2154,1955,0.9076137418755803,0.0923862581244197
540,10.0,0.007,se1_error,E081,4309,2154,1959,0.9094707520891365,0.09052924791086348
540,10.0,0.007,se1_error,E082,1476,2154,1939,0.9001857010213556,0.09981429897864436
540,10.0,0.007,se1_error,E083,6050,2154,1936,0.8987929433611885,0.10120705663881147
540,10.0,0.007,se1_error,E084,2683,2154,1935,0.8983286908077994,0.10167130919220058
540,10.0,0.007,se1_error,E085,3515,2154,1928,0.8950789229340761,0.1049210770659239
540,10.0,0.007,se1_error,E086,7379,2154,1941,0.9011142061281338,0.09888579387186625
540,10.0,0.007,se1_error,E087,1781,2154,1941,0.9011142061281338,0.09888579387186625
540,10.0,0.007,se1_error,E088,8023,2154,1946,0.903435468895079,0.09656453110492103
540,10.0,0.007,se1_error,E089,4965,2154,1935,0.8983286908077994,0.10167130919220058
540,10.0,0.007,se1_error,E090,6244,2154,1910,0.8867223769730733,0.11327762302692668
540,10.0,0.007,se1_error,E091,5502,2154,1921,0.8918291550603529,0.10817084493964713
540,10.0,0.007,se1_error,E092,7712,2154,1931,0.8964716805942433,0.10352831940575669
540,10.0,0.007,se1_error,E093,5969,2154,1922,0.8922934076137419,0.10770659238625813
540,10.0,0.007,se1_error,E094,223,2154,1943,0.9020427112349118,0.09795728876508825
540,10.0,0.007,se1_error,E095,6551,2154,1910,0.8867223769730733,0.11327762302692668
540,10.0,0.007,se1_error,E096,8165,2154,1942,0.9015784586815228,0.09842154131847725
540,10.0,0.007,se1_error,E097,5567,2154,1938,0.8997214484679665,0.10027855153203347
540,10.0,0.007,se1_error,E098,8241,2154,1940,0.9006499535747446,0.09935004642525536
540,10.0,0.007,se1_error,E099,2874,2154,1917,0.8899721448467967,0.11002785515320335
540,10.0,0.007,se1_error,E100,267,2154,1950,0.9052924791086351,0.09470752089136492
1347,10.0,0.008,se1_error,F001,1956,1347,1235,0.9168522642910171,0.08314773570898293
1347,10.0,0.008,se1_error,F002,7973,1347,1231,0.9138827023014106,0.08611729769858945
1347,10.0,0.008,se1_error,F003,848,1347,1227,0.910913140311804,0.08908685968819596
1347,10.0,0.008,se1_error,F004,1258,1347,1235,0.9168522642910171,0.08314773570898293
1347,10.0,0.008,se1_error,F005,1214,1347,1217,0.9034892353377877,0.09651076466221231
1347,10.0,0.008,se1_error,F006,370,1347,1226,0.9101707498144024,0.08982925018559762
1347,10.0,0.008,se1_error,F007,3584,1347,1225,0.9094283593170007,0.09057164068299928
1347,10.0,0.008,se1_error,F008,4173,1347,1224,0.9086859688195991,0.09131403118040093
1347,10.0,0.008,se1_error,F009,2989,1347,1213,0.9005196733481812,0.09948032665181883
1347,10.0,0.008,se1_error,F010,4635,1347,1245,0.9242761692650334,0.07572383073496658
1347,10.0,0.008,se1_error,F011,9843,1347,1220,0.9057164068299925,0.09428359317000745
1347,10.0,0.008,se1_error,F012,2615,1347,1230,0.9131403118040089,0.0868596881959911
1347,10.0,0.008,se1_error,F013,1830,1347,1226,0.9101707498144024,0.08982925018559762
1347,10.0,0.008,se1_error,F014,2985,1347,1221,0.9064587973273942,0.0935412026726058
1347,10.0,0.008,se1_error,F015,763,1347,1237,0.9183370452858204,0.08166295471417961
1347,10.0,0.008,se1_error,F016,7442,1347,1245,0.9242761692650334,0.07572383073496658
1347,10.0,0.008,se1_error,F017,4986,1347,1218,0.9042316258351893,0.09576837416481065
1347,10.0,0.008,se1_error,F018,6571,1347,1239,0.9198218262806236,0.08017817371937641
1347,10.0,0.008,se1_error,F019,4976,1347,1232,0.9146250927988122,0.08537490720118779
1347,10.0,0.008,se1_error,F020,3380,1347,1224,0.9086859688195991,0.09131403118040093
1347,10.0,0.008,se1_error,F021,1432,1347,1244,0.9235337787676318,0.07646622123236824
1347,10.0,0.008,se1_error,F022,9902,1347,1221,0.9064587973273942,0.0935412026726058
1347,10.0,0.008,se1_error,F023,5869,1347,1226,0.9101707498144024,0.08982925018559762
1347,10.0,0.008,se1_error,F024,2519,1347,1237,0.9183370452858204,0.08166295471417961
1347,10.0,0.008,se1_error,F025,1140,1347,1231,0.9138827023014106,0.08611729769858945
1347,10.0,0.008,se1_error,F026,6910,1347,1209,0.8975501113585747,0.10244988864142535
1347,10.0,0.008,se1_error,F027,7388,1347,1239,0.9198218262806236,0.08017817371937641
1347,10.0,0.008,se1_error,F028,1617,1347,1237,0.9183370452858204,0.08166295471417961
1347,10.0,0.008,se1_error,F029,9498,1347,1230,0.9131403118040089,0.0868596881959911
1347,10.0,0.008,se1_error,F030,1768,1347,1234,0.9161098737936154,0.08389012620638459
1347,10.0,0.008,se1_error,F031,2741,1347,1244,0.9235337787676318,0.07646622123236824
1347,10.0,0.008,se1_error,F032,9948,1347,1229,0.9123979213066072,0.08760207869339276
1347,10.0,0.008,se1_error,F033,7555,1347,1234,0.9161098737936154,0.08389012620638459
1347,10.0,0.008,se1_error,F034,7670,1347,1221,0.9064587973273942,0.0935412026726058
1347,10.0,0.008,se1_error,F035,9486,1347,1235,0.9168522642910171,0.08314773570898293
1347,10.0,0.008,se1_error,F036,8054,1347,1233,0.9153674832962138,0.08463251670378624
1347,10.0,0.008,se1_error,F037,2252,1347,1227,0.910913140311804,0.08908685968819596
1347,10.0,0.008,se1_error,F038,3659,1347,1246,0.9250185597624351,0.07498144023756492
1347,10.0,0.008,se1_error,F039,1380,1347,1235,0.9168522642910171,0.08314773570898293
1347,10.0,0.008,se1_error,F040,385,1347,1229,0.9123979213066072,0.08760207869339276
1347,10.0,0.008,se1_error,F041,2833,1347,1236,0.9175946547884187,0.08240534521158127
1347,10.0,0.008,se1_error,F042,2362,1347,1235,0.9168522642910171,0.08314773570898293
1347,10.0,0.008,se1_error,F043,9862,1347,1222,0.9072011878247959,0.09279881217520414
1347,10.0,0.008,se1_error,F044,6676,1347,1225,0.9094283593170007,0.09057164068299928
1347,10.0,0.008,se1_error,F045,9756,1347,1222,0.9072011878247959,0.09279881217520414
1347,10.0,0.008,se1_error,F046,2771,1347,1230,0.9131403118040089,0.0868596881959911
1347,10.0,0.008,se1_error,F047,1636,1347,1246,0.9250185597624351,0.07498144023756492
1347,10.0,0.008,se1_error,F048,3242,1347,1222,0.9072011878247959,0.09279881217520414
1347,10.0,0.008,se1_error,F049,7031,1347,1235,0.9168522642910171,0.08314773570898293
1347,10.0,0.008,se1_error,F050,8432,1347,1229,0.9123979213066072,0.08760207869339276
1347,10.0,0.008,se1_error,F051,6099,1347,1233,0.9153674832962138,0.08463251670378624
1347,10.0,0.008,se1_error,F052,1468,1347,1230,0.9131403118040089,0.0868596881959911
1347,10.0,0.008,se1_error,F053,9423,1347,1227,0.910913140311804,0.08908685968819596
1347,10.0,0.008,se1_error,F054,317,1347,1233,0.9153674832962138,0.08463251670378624
1347,10.0,0.008,se1_error,F055,5426,1347,1227,0.910913140311804,0.08908685968819596
1347,10.0,0.008,se1_error,F056,1836,1347,1217,0.9034892353377877,0.09651076466221231
1347,10.0,0.008,se1_error,F057,4519,1347,1224,0.9086859688195991,0.09131403118040093
1347,10.0,0.008,se1_error,F058,401,1347,1225,0.9094283593170007,0.09057164068299928
1347,10.0,0.008,se1_error,F059,3631,1347,1217,0.9034892353377877,0.09651076466221231
1347,10.0,0.008,se1_error,F060,2938,1347,1237,0.9183370452858204,0.08166295471417961
1347,10.0,0.008,se1_error,F061,7648,1347,1213,0.9005196733481812,0.09948032665181883
1347,10.0,0.008,se1_error,F062,3566,1347,1236,0.9175946547884187,0.08240534521158127
1347,10.0,0.008,se1_error,F063,5276,1347,1231,0.9138827023014106,0.08611729769858945
1347,10.0,0.008,se1_error,F064,6606,1347,1230,0.9131403118040089,0.0868596881959911
1347,10.0,0.008,se1_error,F065,6637,1347,1235,0.9168522642910171,0.08314773570898293
1347,10.0,0.008,se1_error,F066,8029,1347,1230,0.9131403118040089,0.0868596881959911
1347,10.0,0.008,se1_error,F067,8227,1347,1237,0.9183370452858204,0.08166295471417961
1347,10.0,0.008,se1_error,F068,8740,1347,1231,0.9138827023014106,0.08611729769858945
1347,10.0,0.008,se1_error,F069,9228,1347,1218,0.9042316258351893,0.09576837416481065
1347,10.0,0.008,se1_error,F070,2064,1347,1207,0.8960653303637713,0.10393466963622866
1347,10.0,0.008,se1_error,F071,9406,1347,1227,0.910913140311804,0.08908685968819596
1347,10.0,0.008,se1_error,F072,9946,1347,1226,0.9101707498144024,0.08982925018559762
1347,10.0,0.008,se1_error,F073,9823,1347,1237,0.9183370452858204,0.08166295471417961
1347,10.0,0.008,se1_error,F074,6400,1347,1238,0.9190794357832219,0.08092056421677807
1347,10.0,0.008,se1_error,F075,1322,1347,1223,0.9079435783221975,0.09205642167780248
1347,10.0,0.008,se1_error,F076,250,1347,1226,0.9101707498144024,0.08982925018559762
1347,10.0,0.008,se1_error,F077,2298,1347,1232,0.9146250927988122,0.08537490720118779
1347,10.0,0.008,se1_error,F078,3139,1347,1243,0.9227913882702301,0.0772086117297699
1347,10.0,0.008,se1_error,F079,2996,1347,1230,0.9131403118040089,0.0868596881959911
1347,10.0,0.008,se1_error,F080,7643,1347,1224,0.9086859688195991,0.09131403118040093
1347,10.0,0.008,se1_error,F081,4734,1347,1230,0.9131403118040089,0.0868596881959911
1347,10.0,0.008,se1_error,F082,5808,1347,1234,0.9161098737936154,0.08389012620638459
1347,10.0,0.008,se1_error,F083,1020,1347,1220,0.9057164068299925,0.09428359317000745
1347,10.0,0.008,se1_error,F084,8569,1347,1221,0.9064587973273942,0.0935412026726058
1347,10.0,0.008,se1_error,F085,3116,1347,1226,0.9101707498144024,0.08982925018559762
1347,10.0,0.008,se1_error,F086,2220,1347,1228,0.9116555308092057,0.0883444691907943
1347,10.0,0.008,se1_error,F087,6512,1347,1224,0.9086859688195991,0.09131403118040093
1347,10.0,0.008,se1_error,F088,4919,1347,1232,0.9146250927988122,0.08537490720118779
1347,10.0,0.008,se1_error,F089,4973,1347,1219,0.9049740163325909,0.09502598366740911
1347,10.0,0.008,se1_error,F090,9958,1347,1218,0.9042316258351893,0.09576837416481065
1347,10.0,0.008,se1_error,F091,9053,1347,1211,0.8990348923533779,0.10096510764662214
1347,10.0,0.008,se1_error,F092,3279,1347,1221,0.9064587973273942,0.0935412026726058
1347,10.0,0.008,se1_error,F093,3621,1347,1232,0.9146250927988122,0.08537490720118779
1347,10.0,0.008,se1_error,F094,5995,1347,1207,0.8960653303637713,0.10393466963622866
1347,10.0,0.008,se1_error,F095,4185,1347,1226,0.9101707498144024,0.08982925018559762
1347,10.0,0.008,se1_error,F096,340,1347,1234,0.9161098737936154,0.08389012620638459
1347,10.0,0.008,se1_error,F097,9360,1347,1238,0.9190794357832219,0.08092056421677807
1347,10.0,0.008,se1_error,F098,796,1347,1243,0.9227913882702301,0.0772086117297699
1347,10.0,0.008,se1_error,F099,3017,1347,1229,0.9123979213066072,0.08760207869339276
1347,10.0,0.008,se1_error,F100,7201,1347,1230,0.9131403118040089,0.0868596881959911
